년월일,호기,구분,총량,평균,최대,최소,최대(시간별),최소(시간별),1,2,3,4,5,6,7,8,9,10,11,12,13,14,15,16,17,18,19,20,21,22,23,24
2019.01.01,1,발전량,"2,579.50",107,"2,579.50",0,"2,579.50","2,579.50",0,0,0,0,0,0,0,0,0,0,0,0,0,0,"2,579.50",0,0,0,0,0,0,0,0,0
2019.01.02,1,발전량,"4,412.40",184,"4,412.40",0,"4,412.40","4,412.40",0,0,0,0,0,0,0,0,0,0,0,0,0,0,"4,412.40",0,0,0,0,0,0,0,0,0
2019.01.03,1,발전량,"4,466.20",186,"4,466.20",0,"4,466.20","4,466.20",0,0,0,0,0,0,0,0,0,0,0,0,0,0,"4,466.20",0,0,0,0,0,0,0,0,0
2019.01.04,1,발전량,"2,965.00",124,"2,965.00",0,"2,965.00","2,965.00",0,0,0,0,0,0,0,0,0,0,0,0,0,0,"2,965.00",0,0,0,0,0,0,0,0,0
2019.01.05,1,발전량,"3,379.20",141,"3,379.20",0,"3,379.20","3,379.20",0,0,0,0,0,0,0,0,0,0,0,0,0,0,"3,379.20",0,0,0,0,0,0,0,0,0
2019.01.06,1,발전량,"3,828.70",160,"3,828.70",0,"3,828.70","3,828.70",0,0,0,0,0,0,0,0,0,0,0,0,0,0,"3,828.70",0,0,0,0,0,0,0,0,0
2019.01.07,1,발전량,"3,731.50",155,"3,731.50",0,"3,731.50","3,731.50",0,0,0,0,0,0,0,0,0,0,0,0,0,0,"3,731.50",0,0,0,0,0,0,0,0,0
2019.01.08,1,발전량,"4,126.70",172,"4,126.70",0,"4,126.70","4,126.70",0,0,0,0,0,0,0,0,0,0,0,0,0,0,"4,126.70",0,0,0,0,0,0,0,0,0
2019.01.09,1,발전량,"3,450.40",144,"3,450.40",0,"3,450.40","3,450.40",0,0,0,0,0,0,0,0,0,0,0,0,0,0,"3,450.40",0,0,0,0,0,0,0,0,0
2019.01.10,1,발전량,"3,193.30",133,"3,193.30",0,"3,193.30","3,193.30",0,0,0,0,0,0,0,0,0,0,0,0,0,0,"3,193.30",0,0,0,0,0,0,0,0,0
2019.01.11,1,발전량,"3,640.80",152,"3,640.80",0,"3,640.80","3,640.80",0,0,0,0,0,0,0,0,0,0,0,0,0,0,"3,640.80",0,0,0,0,0,0,0,0,0
2019.01.12,1,발전량,979.5,41,979.5,0,979.5,979.5,0,0,0,0,0,0,0,0,0,0,0,0,0,0,979.5,0,0,0,0,0,0,0,0,0
2019.01.13,1,발전량,"2,530.80",105,"2,530.80",0,"2,530.80","2,530.80",0,0,0,0,0,0,0,0,0,0,0,0,0,0,"2,530.80",0,0,0,0,0,0,0,0,0
2019.01.14,1,발전량,"2,207.20",92,"2,207.20",0,"2,207.20","2,207.20",0,0,0,0,0,0,0,0,0,0,0,0,0,0,"2,207.20",0,0,0,0,0,0,0,0,0
2019.01.15,1,발전량,"2,588.70",108,"2,588.70",0,"2,588.70","2,588.70",0,0,0,0,0,0,0,0,0,0,0,0,0,0,"2,588.70",0,0,0,0,0,0,0,0,0
2019.01.16,1,발전량,"4,035.60",168,"4,035.60",0,"4,035.60","4,035.60",0,0,0,0,0,0,0,0,0,0,0,0,0,0,"4,035.60",0,0,0,0,0,0,0,0,0
2019.01.17,1,발전량,"1,726.50",72,"1,726.50",0,"1,726.50","1,726.50",0,0,0,0,0,0,0,0,0,0,0,0,0,0,"1,726.50",0,0,0,0,0,0,0,0,0
2019.01.18,1,발전량,"4,006.90",167,"4,006.90",0,"4,006.90","4,006.90",0,0,0,0,0,0,0,0,0,0,0,0,0,0,"4,006.90",0,0,0,0,0,0,0,0,0
2019.01.19,1,발전량,"2,616.30",109,"2,616.30",0,"2,616.30","2,616.30",0,0,0,0,0,0,0,0,0,0,0,0,0,0,"2,616.30",0,0,0,0,0,0,0,0,0
2019.01.20,1,발전량,"4,509.20",188,"4,509.20",0,"4,509.20","4,509.20",0,0,0,0,0,0,0,0,0,0,0,0,0,0,"4,509.20",0,0,0,0,0,0,0,0,0
2019.01.21,1,발전량,"4,651.50",194,"4,651.50",0,"4,651.50","4,651.50",0,0,0,0,0,0,0,0,0,0,0,0,0,0,"4,651.50",0,0,0,0,0,0,0,0,0
2019.01.22,1,발전량,"4,251.10",177,"4,251.10",0,"4,251.10","4,251.10",0,0,0,0,0,0,0,0,0,0,0,0,0,0,"4,251.10",0,0,0,0,0,0,0,0,0
2019.01.23,1,발전량,"3,518.00",147,"3,518.00",0,"3,518.00","3,518.00",0,0,0,0,0,0,0,0,0,0,0,0,0,0,"3,518.00",0,0,0,0,0,0,0,0,0
2019.01.24,1,발전량,"4,615.20",192,"4,615.20",0,"4,615.20","4,615.20",0,0,0,0,0,0,0,0,0,0,0,0,0,0,"4,615.20",0,0,0,0,0,0,0,0,0
2019.01.25,1,발전량,"3,661.30",153,"3,661.30",0,"3,661.30","3,661.30",0,0,0,0,0,0,0,0,0,0,0,0,0,0,"3,661.30",0,0,0,0,0,0,0,0,0
2019.01.26,1,발전량,"4,984.80",208,"4,984.80",0,"4,984.80","4,984.80",0,0,0,0,0,0,0,0,0,0,0,0,0,0,"4,984.80",0,0,0,0,0,0,0,0,0
2019.01.27,1,발전량,"4,836.90",202,"4,836.90",0,"4,836.90","4,836.90",0,0,0,0,0,0,0,0,0,0,0,0,0,0,"4,836.90",0,0,0,0,0,0,0,0,0
2019.01.28,1,발전량,"3,729.90",155,"3,729.90",0,"3,729.90","3,729.90",0,0,0,0,0,0,0,0,0,0,0,0,0,0,"3,729.90",0,0,0,0,0,0,0,0,0
2019.01.29,1,발전량,"4,655.60",194,"4,655.60",0,"4,655.60","4,655.60",0,0,0,0,0,0,0,0,0,0,0,0,0,0,"4,655.60",0,0,0,0,0,0,0,0,0
2019.01.30,1,발전량,"3,993.60",166,"3,993.60",0,"3,993.60","3,993.60",0,0,0,0,0,0,0,0,0,0,0,0,0,0,"3,993.60",0,0,0,0,0,0,0,0,0
2019.01.31,1,발전량,627.7,26,627.7,0,627.7,627.7,0,0,0,0,0,0,0,0,0,0,0,0,0,0,627.7,0,0,0,0,0,0,0,0,0
2019.02.01,1,발전량,"5,094.40",212,"5,094.40",0,"5,094.40","5,094.40",0,0,0,0,0,0,0,0,0,0,0,0,0,0,"5,094.40",0,0,0,0,0,0,0,0,0
2019.02.02,1,발전량,"4,661.20",194,"4,661.20",0,"4,661.20","4,661.20",0,0,0,0,0,0,0,0,0,0,0,0,0,0,"4,661.20",0,0,0,0,0,0,0,0,0
2019.02.03,1,발전량,108.5,5,108.5,0,108.5,108.5,0,0,0,0,0,0,0,0,0,0,0,0,0,0,108.5,0,0,0,0,0,0,0,0,0
2019.02.04,1,발전량,"4,836.40",202,"4,836.40",0,"4,836.40","4,836.40",0,0,0,0,0,0,0,0,0,0,0,0,0,0,"4,836.40",0,0,0,0,0,0,0,0,0
2019.02.05,1,발전량,"4,462.60",186,"4,462.60",0,"4,462.60","4,462.60",0,0,0,0,0,0,0,0,0,0,0,0,0,0,"4,462.60",0,0,0,0,0,0,0,0,0
2019.02.06,1,발전량,"4,055.00",169,"4,055.00",0,"4,055.00","4,055.00",0,0,0,0,0,0,0,0,0,0,0,0,0,0,"4,055.00",0,0,0,0,0,0,0,0,0
2019.02.07,1,발전량,"2,683.40",112,"2,683.40",0,"2,683.40","2,683.40",0,0,0,0,0,0,0,0,0,0,0,0,0,0,"2,683.40",0,0,0,0,0,0,0,0,0
2019.02.08,1,발전량,"4,644.90",194,"4,644.90",0,"4,644.90","4,644.90",0,0,0,0,0,0,0,0,0,0,0,0,0,0,"4,644.90",0,0,0,0,0,0,0,0,0
2019.02.09,1,발전량,"5,182.50",216,"5,182.50",0,"5,182.50","5,182.50",0,0,0,0,0,0,0,0,0,0,0,0,0,0,"5,182.50",0,0,0,0,0,0,0,0,0
2019.02.10,1,발전량,"2,523.10",105,"2,523.10",0,"2,523.10","2,523.10",0,0,0,0,0,0,0,0,0,0,0,0,0,0,"2,523.10",0,0,0,0,0,0,0,0,0
2019.02.11,1,발전량,"5,431.30",226,"5,431.30",0,"5,431.30","5,431.30",0,0,0,0,0,0,0,0,0,0,0,0,0,0,"5,431.30",0,0,0,0,0,0,0,0,0
2019.02.12,1,발전량,"4,371.50",182,"4,371.50",0,"4,371.50","4,371.50",0,0,0,0,0,0,0,0,0,0,0,0,0,0,"4,371.50",0,0,0,0,0,0,0,0,0
2019.02.13,1,발전량,"4,430.80",185,"4,430.80",0,"4,430.80","4,430.80",0,0,0,0,0,0,0,0,0,0,0,0,0,0,"4,430.80",0,0,0,0,0,0,0,0,0
2019.02.14,1,발전량,"3,756.00",157,"3,756.00",0,"3,756.00","3,756.00",0,0,0,0,0,0,0,0,0,0,0,0,0,0,"3,756.00",0,0,0,0,0,0,0,0,0
2019.02.15,1,발전량,"2,828.80",118,"2,828.80",0,"2,828.80","2,828.80",0,0,0,0,0,0,0,0,0,0,0,0,0,0,"2,828.80",0,0,0,0,0,0,0,0,0
2019.02.16,1,발전량,"3,441.20",143,"3,441.20",0,"3,441.20","3,441.20",0,0,0,0,0,0,0,0,0,0,0,0,0,0,"3,441.20",0,0,0,0,0,0,0,0,0
2019.02.17,1,발전량,"5,613.10",234,"5,613.10",0,"5,613.10","5,613.10",0,0,0,0,0,0,0,0,0,0,0,0,0,0,"5,613.10",0,0,0,0,0,0,0,0,0
2019.02.18,1,발전량,"3,245.60",135,"3,245.60",0,"3,245.60","3,245.60",0,0,0,0,0,0,0,0,0,0,0,0,0,0,"3,245.60",0,0,0,0,0,0,0,0,0
2019.02.19,1,발전량,271.4,11,271.4,0,271.4,271.4,0,0,0,0,0,0,0,0,0,0,0,0,0,0,271.4,0,0,0,0,0,0,0,0,0
2019.02.20,1,발전량,"3,502.10",146,"3,502.10",0,"3,502.10","3,502.10",0,0,0,0,0,0,0,0,0,0,0,0,0,0,"3,502.10",0,0,0,0,0,0,0,0,0
2019.02.21,1,발전량,"4,632.60",193,"4,632.60",0,"4,632.60","4,632.60",0,0,0,0,0,0,0,0,0,0,0,0,0,0,"4,632.60",0,0,0,0,0,0,0,0,0
2019.02.22,1,발전량,"3,563.00",148,"3,563.00",0,"3,563.00","3,563.00",0,0,0,0,0,0,0,0,0,0,0,0,0,0,"3,563.00",0,0,0,0,0,0,0,0,0
2019.02.23,1,발전량,"4,259.30",177,"4,259.30",0,"4,259.30","4,259.30",0,0,0,0,0,0,0,0,0,0,0,0,0,0,"4,259.30",0,0,0,0,0,0,0,0,0
2019.02.24,1,발전량,"5,218.80",217,"5,218.80",0,"5,218.80","5,218.80",0,0,0,0,0,0,0,0,0,0,0,0,0,0,"5,218.80",0,0,0,0,0,0,0,0,0
2019.02.25,1,발전량,"4,560.40",190,"4,560.40",0,"4,560.40","4,560.40",0,0,0,0,0,0,0,0,0,0,0,0,0,0,"4,560.40",0,0,0,0,0,0,0,0,0
2019.02.26,1,발전량,"5,241.90",218,"5,241.90",0,"5,241.90","5,241.90",0,0,0,0,0,0,0,0,0,0,0,0,0,0,"5,241.90",0,0,0,0,0,0,0,0,0
2019.02.27,1,발전량,"1,869.80",78,"1,869.80",0,"1,869.80","1,869.80",0,0,0,0,0,0,0,0,0,0,0,0,0,0,"1,869.80",0,0,0,0,0,0,0,0,0
2019.02.28,1,발전량,"3,868.70",161,"3,868.70",0,"3,868.70","3,868.70",0,0,0,0,0,0,0,0,0,0,0,0,0,0,"3,868.70",0,0,0,0,0,0,0,0,0
2019.03.01,1,발전량,"4,908.00",205,"4,908.00",0,"4,908.00","4,908.00",0,0,0,0,0,0,0,0,0,0,0,0,0,0,"4,908.00",0,0,0,0,0,0,0,0,0
2019.03.02,1,발전량,"4,204.50",175,"4,204.50",0,"4,204.50","4,204.50",0,0,0,0,0,0,0,0,0,0,0,0,0,0,"4,204.50",0,0,0,0,0,0,0,0,0
2019.03.03,1,발전량,"3,448.80",144,"3,448.80",0,"3,448.80","3,448.80",0,0,0,0,0,0,0,0,0,0,0,0,0,0,"3,448.80",0,0,0,0,0,0,0,0,0
2019.03.04,1,발전량,"4,716.50",197,"4,716.50",0,"4,716.50","4,716.50",0,0,0,0,0,0,0,0,0,0,0,0,0,0,"4,716.50",0,0,0,0,0,0,0,0,0
2019.03.05,1,발전량,"2,943.00",123,"2,943.00",0,"2,943.00","2,943.00",0,0,0,0,0,0,0,0,0,0,0,0,0,0,"2,943.00",0,0,0,0,0,0,0,0,0
2019.03.06,1,발전량,"3,072.00",128,"3,072.00",0,"3,072.00","3,072.00",0,0,0,0,0,0,0,0,0,0,0,0,0,0,"3,072.00",0,0,0,0,0,0,0,0,0
2019.03.07,1,발전량,"3,028.00",126,"3,028.00",0,"3,028.00","3,028.00",0,0,0,0,0,0,0,0,0,0,0,0,0,0,"3,028.00",0,0,0,0,0,0,0,0,0
2019.03.08,1,발전량,"5,582.80",233,"5,582.80",0,"5,582.80","5,582.80",0,0,0,0,0,0,0,0,0,0,0,0,0,0,"5,582.80",0,0,0,0,0,0,0,0,0
2019.03.09,1,발전량,"4,252.70",177,"4,252.70",0,"4,252.70","4,252.70",0,0,0,0,0,0,0,0,0,0,0,0,0,0,"4,252.70",0,0,0,0,0,0,0,0,0
2019.03.10,1,발전량,569.3,24,569.3,0,569.3,569.3,0,0,0,0,0,0,0,0,0,0,0,0,0,0,569.3,0,0,0,0,0,0,0,0,0
2019.03.11,1,발전량,"2,443.30",102,"2,443.30",0,"2,443.30","2,443.30",0,0,0,0,0,0,0,0,0,0,0,0,0,0,"2,443.30",0,0,0,0,0,0,0,0,0
2019.03.12,1,발전량,"4,340.70",181,"4,340.70",0,"4,340.70","4,340.70",0,0,0,0,0,0,0,0,0,0,0,0,0,0,"4,340.70",0,0,0,0,0,0,0,0,0
2019.03.13,1,발전량,"5,192.70",216,"5,192.70",0,"5,192.70","5,192.70",0,0,0,0,0,0,0,0,0,0,0,0,0,0,"5,192.70",0,0,0,0,0,0,0,0,0
2019.03.14,1,발전량,"5,561.30",232,"5,561.30",0,"5,561.30","5,561.30",0,0,0,0,0,0,0,0,0,0,0,0,0,0,"5,561.30",0,0,0,0,0,0,0,0,0
2019.03.15,1,발전량,"3,355.60",140,"3,355.60",0,"3,355.60","3,355.60",0,0,0,0,0,0,0,0,0,0,0,0,0,0,"3,355.60",0,0,0,0,0,0,0,0,0
2019.03.16,1,발전량,"4,858.90",202,"4,858.90",0,"4,858.90","4,858.90",0,0,0,0,0,0,0,0,0,0,0,0,0,0,"4,858.90",0,0,0,0,0,0,0,0,0
2019.03.17,1,발전량,"5,436.40",227,"5,436.40",0,"5,436.40","5,436.40",0,0,0,0,0,0,0,0,0,0,0,0,0,0,"5,436.40",0,0,0,0,0,0,0,0,0
2019.03.18,1,발전량,"3,978.20",166,"3,978.20",0,"3,978.20","3,978.20",0,0,0,0,0,0,0,0,0,0,0,0,0,0,"3,978.20",0,0,0,0,0,0,0,0,0
2019.03.19,1,발전량,"4,992.00",208,"4,992.00",0,"4,992.00","4,992.00",0,0,0,0,0,0,0,0,0,0,0,0,0,0,"4,992.00",0,0,0,0,0,0,0,0,0
2019.03.20,1,발전량,"1,703.90",71,"1,703.90",0,"1,703.90","1,703.90",0,0,0,0,0,0,0,0,0,0,0,0,0,0,"1,703.90",0,0,0,0,0,0,0,0,0
2019.03.21,1,발전량,"1,927.20",80,"1,927.20",0,"1,927.20","1,927.20",0,0,0,0,0,0,0,0,0,0,0,0,0,0,"1,927.20",0,0,0,0,0,0,0,0,0
2019.03.22,1,발전량,"5,279.70",220,"5,279.70",0,"5,279.70","5,279.70",0,0,0,0,0,0,0,0,0,0,0,0,0,0,"5,279.70",0,0,0,0,0,0,0,0,0
2019.03.23,1,발전량,"4,573.20",191,"4,573.20",0,"4,573.20","4,573.20",0,0,0,0,0,0,0,0,0,0,0,0,0,0,"4,573.20",0,0,0,0,0,0,0,0,0
2019.03.24,1,발전량,"5,877.80",245,"5,877.80",0,"5,877.80","5,877.80",0,0,0,0,0,0,0,0,0,0,0,0,0,0,"5,877.80",0,0,0,0,0,0,0,0,0
2019.03.25,1,발전량,"4,276.20",178,"4,276.20",0,"4,276.20","4,276.20",0,0,0,0,0,0,0,0,0,0,0,0,0,0,"4,276.20",0,0,0,0,0,0,0,0,0
2019.03.26,1,발전량,"5,174.30",216,"5,174.30",0,"5,174.30","5,174.30",0,0,0,0,0,0,0,0,0,0,0,0,0,0,"5,174.30",0,0,0,0,0,0,0,0,0
2019.03.27,1,발전량,"3,977.20",166,"3,977.20",0,"3,977.20","3,977.20",0,0,0,0,0,0,0,0,0,0,0,0,0,0,"3,977.20",0,0,0,0,0,0,0,0,0
2019.03.28,1,발전량,"4,023.30",168,"4,023.30",0,"4,023.30","4,023.30",0,0,0,0,0,0,0,0,0,0,0,0,0,0,"4,023.30",0,0,0,0,0,0,0,0,0
2019.03.29,1,발전량,"4,254.70",177,"4,254.70",0,"4,254.70","4,254.70",0,0,0,0,0,0,0,0,0,0,0,0,0,0,"4,254.70",0,0,0,0,0,0,0,0,0
2019.03.30,1,발전량,"3,613.70",151,"3,613.70",0,"3,613.70","3,613.70",0,0,0,0,0,0,0,0,0,0,0,0,0,0,"3,613.70",0,0,0,0,0,0,0,0,0
2019.03.31,1,발전량,"2,849.80",119,"2,849.80",0,"2,849.80","2,849.80",0,0,0,0,0,0,0,0,0,0,0,0,0,0,"2,849.80",0,0,0,0,0,0,0,0,0
2019.04.01,1,발전량,"5,669.90",236,"5,669.90",0,"5,669.90","5,669.90",0,0,0,0,0,0,0,0,0,0,0,0,0,0,"5,669.90",0,0,0,0,0,0,0,0,0
2019.04.02,1,발전량,"6,191.10",258,"6,191.10",0,"6,191.10","6,191.10",0,0,0,0,0,0,0,0,0,0,0,0,0,0,"6,191.10",0,0,0,0,0,0,0,0,0
2019.04.03,1,발전량,"6,126.60",255,"6,126.60",0,"6,126.60","6,126.60",0,0,0,0,0,0,0,0,0,0,0,0,0,0,"6,126.60",0,0,0,0,0,0,0,0,0
2019.04.04,1,발전량,"5,992.40",250,"5,992.40",0,"5,992.40","5,992.40",0,0,0,0,0,0,0,0,0,0,0,0,0,0,"5,992.40",0,0,0,0,0,0,0,0,0
2019.04.05,1,발전량,"5,071.90",211,"5,071.90",0,"5,071.90","5,071.90",0,0,0,0,0,0,0,0,0,0,0,0,0,0,"5,071.90",0,0,0,0,0,0,0,0,0
2019.04.06,1,발전량,"5,286.90",220,"5,286.90",0,"5,286.90","5,286.90",0,0,0,0,0,0,0,0,0,0,0,0,0,0,"5,286.90",0,0,0,0,0,0,0,0,0
2019.04.07,1,발전량,"3,215.40",134,"3,215.40",0,"3,215.40","3,215.40",0,0,0,0,0,0,0,0,0,0,0,0,0,0,"3,215.40",0,0,0,0,0,0,0,0,0
2019.04.08,1,발전량,"5,640.20",235,"5,640.20",0,"5,640.20","5,640.20",0,0,0,0,0,0,0,0,0,0,0,0,0,0,"5,640.20",0,0,0,0,0,0,0,0,0
2019.04.09,1,발전량,"2,946.00",123,"2,946.00",0,"2,946.00","2,946.00",0,0,0,0,0,0,0,0,0,0,0,0,0,0,"2,946.00",0,0,0,0,0,0,0,0,0
2019.04.10,1,발전량,"1,193.00",50,"1,193.00",0,"1,193.00","1,193.00",0,0,0,0,0,0,0,0,0,0,0,0,0,0,"1,193.00",0,0,0,0,0,0,0,0,0
2019.04.11,1,발전량,"4,250.60",177,"4,250.60",0,"4,250.60","4,250.60",0,0,0,0,0,0,0,0,0,0,0,0,0,0,"4,250.60",0,0,0,0,0,0,0,0,0
2019.04.12,1,발전량,"5,940.20",248,"5,940.20",0,"5,940.20","5,940.20",0,0,0,0,0,0,0,0,0,0,0,0,0,0,"5,940.20",0,0,0,0,0,0,0,0,0
2019.04.13,1,발전량,"4,483.30",187,"4,483.30",0,"4,483.30","4,483.30",0,0,0,0,0,0,0,0,0,0,0,0,0,0,"4,483.30",0,0,0,0,0,0,0,0,0
2019.04.14,1,발전량,"4,600.00",192,"4,600.00",0,"4,600.00","4,600.00",0,0,0,0,0,0,0,0,0,0,0,0,0,0,"4,600.00",0,0,0,0,0,0,0,0,0
2019.04.15,1,발전량,"4,620.00",193,"4,620.00",0,"4,620.00","4,620.00",0,0,0,0,0,0,0,0,0,0,0,0,0,0,"4,620.00",0,0,0,0,0,0,0,0,0
2019.04.16,1,발전량,"4,250.40",177,"4,250.40",0,"4,250.40","4,250.40",0,0,0,0,0,0,0,0,0,0,0,0,0,0,"4,250.40",0,0,0,0,0,0,0,0,0
2019.04.17,1,발전량,"5,249.00",219,"5,249.00",0,"5,249.00","5,249.00",0,0,0,0,0,0,0,0,0,0,0,0,0,0,"5,249.00",0,0,0,0,0,0,0,0,0
2019.04.18,1,발전량,"4,461.60",186,"4,461.60",0,"4,461.60","4,461.60",0,0,0,0,0,0,0,0,0,0,0,0,0,0,"4,461.60",0,0,0,0,0,0,0,0,0
2019.04.19,1,발전량,721.9,30,721.9,0,721.9,721.9,0,0,0,0,0,0,0,0,0,0,0,0,0,0,721.9,0,0,0,0,0,0,0,0,0
2019.04.20,1,발전량,"5,614.60",234,"5,614.60",0,"5,614.60","5,614.60",0,0,0,0,0,0,0,0,0,0,0,0,0,0,"5,614.60",0,0,0,0,0,0,0,0,0
2019.04.21,1,발전량,"3,607.60",150,"3,607.60",0,"3,607.60","3,607.60",0,0,0,0,0,0,0,0,0,0,0,0,0,0,"3,607.60",0,0,0,0,0,0,0,0,0
2019.04.22,1,발전량,"5,463.00",228,"5,463.00",0,"5,463.00","5,463.00",0,0,0,0,0,0,0,0,0,0,0,0,0,0,"5,463.00",0,0,0,0,0,0,0,0,0
2019.04.23,1,발전량,"2,196.50",92,"2,196.50",0,"2,196.50","2,196.50",0,0,0,0,0,0,0,0,0,0,0,0,0,0,"2,196.50",0,0,0,0,0,0,0,0,0
2019.04.24,1,발전량,"2,333.70",97,"2,333.70",0,"2,333.70","2,333.70",0,0,0,0,0,0,0,0,0,0,0,0,0,0,"2,333.70",0,0,0,0,0,0,0,0,0
2019.04.25,1,발전량,"1,867.80",78,"1,867.80",0,"1,867.80","1,867.80",0,0,0,0,0,0,0,0,0,0,0,0,0,0,"1,867.80",0,0,0,0,0,0,0,0,0
2019.04.26,1,발전량,941.1,39,941.1,0,941.1,941.1,0,0,0,0,0,0,0,0,0,0,0,0,0,0,941.1,0,0,0,0,0,0,0,0,0
2019.04.27,1,발전량,"5,556.20",232,"5,556.20",0,"5,556.20","5,556.20",0,0,0,0,0,0,0,0,0,0,0,0,0,0,"5,556.20",0,0,0,0,0,0,0,0,0
2019.04.28,1,발전량,0,0,0,0,0,0,0,0,0,0,0,0,0,0,0,0,0,0,0,0,0,0,0,0,0,0,0,0,0,0
2019.04.29,1,발전량,0,0,0,0,0,0,0,0,0,0,0,0,0,0,0,0,0,0,0,0,0,0,0,0,0,0,0,0,0,0
2019.04.30,1,발전량,0,0,0,0,0,0,0,0,0,0,0,0,0,0,0,0,0,0,0,0,0,0,0,0,0,0,0,0,0,0
2019.05.01,1,발전량,0,0,0,0,0,0,0,0,0,0,0,0,0,0,0,0,0,0,0,0,0,0,0,0,0,0,0,0,0,0
2019.05.02,1,발전량,"16,308.20",680,"16,308.20",0,"16,308.20","16,308.20",0,0,0,0,0,0,0,0,0,0,0,0,0,0,"16,308.20",0,0,0,0,0,0,0,0,0
2019.05.03,1,발전량,"5,763.10",240,"5,763.10",0,"5,763.10","5,763.10",0,0,0,0,0,0,0,0,0,0,0,0,0,0,"5,763.10",0,0,0,0,0,0,0,0,0
2019.05.04,1,발전량,"5,236.70",218,"5,236.70",0,"5,236.70","5,236.70",0,0,0,0,0,0,0,0,0,0,0,0,0,0,"5,236.70",0,0,0,0,0,0,0,0,0
2019.05.05,1,발전량,"4,753.40",198,"4,753.40",0,"4,753.40","4,753.40",0,0,0,0,0,0,0,0,0,0,0,0,0,0,"4,753.40",0,0,0,0,0,0,0,0,0
2019.05.06,1,발전량,"5,600.30",233,"5,600.30",0,"5,600.30","5,600.30",0,0,0,0,0,0,0,0,0,0,0,0,0,0,"5,600.30",0,0,0,0,0,0,0,0,0
2019.05.07,1,발전량,"5,833.70",243,"5,833.70",0,"5,833.70","5,833.70",0,0,0,0,0,0,0,0,0,0,0,0,0,0,"5,833.70",0,0,0,0,0,0,0,0,0
2019.05.08,1,발전량,"5,048.30",210,"5,048.30",0,"5,048.30","5,048.30",0,0,0,0,0,0,0,0,0,0,0,0,0,0,"5,048.30",0,0,0,0,0,0,0,0,0
2019.05.09,1,발전량,"5,166.10",215,"5,166.10",0,"5,166.10","5,166.10",0,0,0,0,0,0,0,0,0,0,0,0,0,0,"5,166.10",0,0,0,0,0,0,0,0,0
2019.05.10,1,발전량,"5,514.20",230,"5,514.20",0,"5,514.20","5,514.20",0,0,0,0,0,0,0,0,0,0,0,0,0,0,"5,514.20",0,0,0,0,0,0,0,0,0
2019.05.11,1,발전량,"5,240.80",218,"5,240.80",0,"5,240.80","5,240.80",0,0,0,0,0,0,0,0,0,0,0,0,0,0,"5,240.80",0,0,0,0,0,0,0,0,0
2019.05.12,1,발전량,"4,511.70",188,"4,511.70",0,"4,511.70","4,511.70",0,0,0,0,0,0,0,0,0,0,0,0,0,0,"4,511.70",0,0,0,0,0,0,0,0,0
2019.05.13,1,발전량,"4,195.30",175,"4,195.30",0,"4,195.30","4,195.30",0,0,0,0,0,0,0,0,0,0,0,0,0,0,"4,195.30",0,0,0,0,0,0,0,0,0
2019.05.14,1,발전량,"4,856.80",202,"4,856.80",0,"4,856.80","4,856.80",0,0,0,0,0,0,0,0,0,0,0,0,0,0,"4,856.80",0,0,0,0,0,0,0,0,0
2019.05.15,1,발전량,"4,914.20",205,"4,914.20",0,"4,914.20","4,914.20",0,0,0,0,0,0,0,0,0,0,0,0,0,0,"4,914.20",0,0,0,0,0,0,0,0,0
2019.05.16,1,발전량,"4,703.20",196,"4,703.20",0,"4,703.20","4,703.20",0,0,0,0,0,0,0,0,0,0,0,0,0,0,"4,703.20",0,0,0,0,0,0,0,0,0
2019.05.17,1,발전량,"3,586.00",149,"3,586.00",0,"3,586.00","3,586.00",0,0,0,0,0,0,0,0,0,0,0,0,0,0,"3,586.00",0,0,0,0,0,0,0,0,0
2019.05.18,1,발전량,"1,872.90",78,"1,872.90",0,"1,872.90","1,872.90",0,0,0,0,0,0,0,0,0,0,0,0,0,0,"1,872.90",0,0,0,0,0,0,0,0,0
2019.05.19,1,발전량,"2,466.80",103,"2,466.80",0,"2,466.80","2,466.80",0,0,0,0,0,0,0,0,0,0,0,0,0,0,"2,466.80",0,0,0,0,0,0,0,0,0
2019.05.20,1,발전량,"3,354.60",140,"3,354.60",0,"3,354.60","3,354.60",0,0,0,0,0,0,0,0,0,0,0,0,0,0,"3,354.60",0,0,0,0,0,0,0,0,0
2019.05.21,1,발전량,"6,065.20",253,"6,065.20",0,"6,065.20","6,065.20",0,0,0,0,0,0,0,0,0,0,0,0,0,0,"6,065.20",0,0,0,0,0,0,0,0,0
2019.05.22,1,발전량,"5,836.80",243,"5,836.80",0,"5,836.80","5,836.80",0,0,0,0,0,0,0,0,0,0,0,0,0,0,"5,836.80",0,0,0,0,0,0,0,0,0
2019.05.23,1,발전량,"5,697.50",237,"5,697.50",0,"5,697.50","5,697.50",0,0,0,0,0,0,0,0,0,0,0,0,0,0,"5,697.50",0,0,0,0,0,0,0,0,0
2019.05.24,1,발전량,"5,284.90",220,"5,284.90",0,"5,284.90","5,284.90",0,0,0,0,0,0,0,0,0,0,0,0,0,0,"5,284.90",0,0,0,0,0,0,0,0,0
2019.05.25,1,발전량,"4,375.60",182,"4,375.60",0,"4,375.60","4,375.60",0,0,0,0,0,0,0,0,0,0,0,0,0,0,"4,375.60",0,0,0,0,0,0,0,0,0
2019.05.26,1,발전량,"5,491.70",229,"5,491.70",0,"5,491.70","5,491.70",0,0,0,0,0,0,0,0,0,0,0,0,0,0,"5,491.70",0,0,0,0,0,0,0,0,0
2019.05.27,1,발전량,"1,506.30",63,"1,506.30",0,"1,506.30","1,506.30",0,0,0,0,0,0,0,0,0,0,0,0,0,0,"1,506.30",0,0,0,0,0,0,0,0,0
2019.05.28,1,발전량,"4,721.70",197,"4,721.70",0,"4,721.70","4,721.70",0,0,0,0,0,0,0,0,0,0,0,0,0,0,"4,721.70",0,0,0,0,0,0,0,0,0
2019.05.29,1,발전량,"5,792.80",241,"5,792.80",0,"5,792.80","5,792.80",0,0,0,0,0,0,0,0,0,0,0,0,0,0,"5,792.80",0,0,0,0,0,0,0,0,0
2019.05.30,1,발전량,"4,982.80",208,"4,982.80",0,"4,982.80","4,982.80",0,0,0,0,0,0,0,0,0,0,0,0,0,0,"4,982.80",0,0,0,0,0,0,0,0,0
2019.05.31,1,발전량,"5,070.80",211,"5,070.80",0,"5,070.80","5,070.80",0,0,0,0,0,0,0,0,0,0,0,0,0,0,"5,070.80",0,0,0,0,0,0,0,0,0
2019.06.01,1,발전량,"4,730.90",197,"4,730.90",0,"4,730.90","4,730.90",0,0,0,0,0,0,0,0,0,0,0,0,0,0,"4,730.90",0,0,0,0,0,0,0,0,0
2019.06.02,1,발전량,"5,232.60",218,"5,232.60",0,"5,232.60","5,232.60",0,0,0,0,0,0,0,0,0,0,0,0,0,0,"5,232.60",0,0,0,0,0,0,0,0,0
2019.06.03,1,발전량,"5,332.00",222,"5,332.00",0,"5,332.00","5,332.00",0,0,0,0,0,0,0,0,0,0,0,0,0,0,"5,332.00",0,0,0,0,0,0,0,0,0
2019.06.04,1,발전량,"5,257.20",219,"5,257.20",0,"5,257.20","5,257.20",0,0,0,0,0,0,0,0,0,0,0,0,0,0,"5,257.20",0,0,0,0,0,0,0,0,0
2019.06.05,1,발전량,"5,410.80",225,"5,410.80",0,"5,410.80","5,410.80",0,0,0,0,0,0,0,0,0,0,0,0,0,0,"5,410.80",0,0,0,0,0,0,0,0,0
2019.06.06,1,발전량,"3,178.50",132,"3,178.50",0,"3,178.50","3,178.50",0,0,0,0,0,0,0,0,0,0,0,0,0,0,"3,178.50",0,0,0,0,0,0,0,0,0
2019.06.07,1,발전량,722.9,30,722.9,0,722.9,722.9,0,0,0,0,0,0,0,0,0,0,0,0,0,0,722.9,0,0,0,0,0,0,0,0,0
2019.06.08,1,발전량,"4,495.40",187,"4,495.40",0,"4,495.40","4,495.40",0,0,0,0,0,0,0,0,0,0,0,0,0,0,"4,495.40",0,0,0,0,0,0,0,0,0
2019.06.09,1,발전량,"5,129.20",214,"5,129.20",0,"5,129.20","5,129.20",0,0,0,0,0,0,0,0,0,0,0,0,0,0,"5,129.20",0,0,0,0,0,0,0,0,0
2019.06.10,1,발전량,"3,619.80",151,"3,619.80",0,"3,619.80","3,619.80",0,0,0,0,0,0,0,0,0,0,0,0,0,0,"3,619.80",0,0,0,0,0,0,0,0,0
2019.06.11,1,발전량,"4,791.30",200,"4,791.30",0,"4,791.30","4,791.30",0,0,0,0,0,0,0,0,0,0,0,0,0,0,"4,791.30",0,0,0,0,0,0,0,0,0
2019.06.12,1,발전량,"5,388.30",225,"5,388.30",0,"5,388.30","5,388.30",0,0,0,0,0,0,0,0,0,0,0,0,0,0,"5,388.30",0,0,0,0,0,0,0,0,0
2019.06.13,1,발전량,"5,091.30",212,"5,091.30",0,"5,091.30","5,091.30",0,0,0,0,0,0,0,0,0,0,0,0,0,0,"5,091.30",0,0,0,0,0,0,0,0,0
2019.06.14,1,발전량,"1,965.10",82,"1,965.10",0,"1,965.10","1,965.10",0,0,0,0,0,0,0,0,0,0,0,0,0,0,"1,965.10",0,0,0,0,0,0,0,0,0
2019.06.15,1,발전량,"4,345.90",181,"4,345.90",0,"4,345.90","4,345.90",0,0,0,0,0,0,0,0,0,0,0,0,0,0,"4,345.90",0,0,0,0,0,0,0,0,0
2019.06.16,1,발전량,"4,886.50",204,"4,886.50",0,"4,886.50","4,886.50",0,0,0,0,0,0,0,0,0,0,0,0,0,0,"4,886.50",0,0,0,0,0,0,0,0,0
2019.06.17,1,발전량,"4,835.30",201,"4,835.30",0,"4,835.30","4,835.30",0,0,0,0,0,0,0,0,0,0,0,0,0,0,"4,835.30",0,0,0,0,0,0,0,0,0
2019.06.18,1,발전량,"3,559.40",148,"3,559.40",0,"3,559.40","3,559.40",0,0,0,0,0,0,0,0,0,0,0,0,0,0,"3,559.40",0,0,0,0,0,0,0,0,0
2019.06.19,1,발전량,"3,786.80",158,"3,786.80",0,"3,786.80","3,786.80",0,0,0,0,0,0,0,0,0,0,0,0,0,0,"3,786.80",0,0,0,0,0,0,0,0,0
2019.06.20,1,발전량,"5,269.50",220,"5,269.50",0,"5,269.50","5,269.50",0,0,0,0,0,0,0,0,0,0,0,0,0,0,"5,269.50",0,0,0,0,0,0,0,0,0
2019.06.21,1,발전량,"5,568.50",232,"5,568.50",0,"5,568.50","5,568.50",0,0,0,0,0,0,0,0,0,0,0,0,0,0,"5,568.50",0,0,0,0,0,0,0,0,0
2019.06.22,1,발전량,"4,645.90",194,"4,645.90",0,"4,645.90","4,645.90",0,0,0,0,0,0,0,0,0,0,0,0,0,0,"4,645.90",0,0,0,0,0,0,0,0,0
2019.06.23,1,발전량,"3,502.10",146,"3,502.10",0,"3,502.10","3,502.10",0,0,0,0,0,0,0,0,0,0,0,0,0,0,"3,502.10",0,0,0,0,0,0,0,0,0
2019.06.24,1,발전량,"3,563.10",148,"3,563.10",0,"3,563.10","3,563.10",0,0,0,0,0,0,0,0,0,0,0,0,0,0,"3,563.10",0,0,0,0,0,0,0,0,0
2019.06.25,1,발전량,"3,314.10",138,"3,314.10",0,"3,314.10","3,314.10",0,0,0,0,0,0,0,0,0,0,0,0,0,0,"3,314.10",0,0,0,0,0,0,0,0,0
2019.06.26,1,발전량,"3,255.40",136,"3,255.40",0,"3,255.40","3,255.40",0,0,0,0,0,0,0,0,0,0,0,0,0,0,"3,255.40",0,0,0,0,0,0,0,0,0
2019.06.27,1,발전량,"3,681.20",153,"3,681.20",0,"3,681.20","3,681.20",0,0,0,0,0,0,0,0,0,0,0,0,0,0,"3,681.20",0,0,0,0,0,0,0,0,0
2019.06.28,1,발전량,"3,093.50",129,"3,093.50",0,"3,093.50","3,093.50",0,0,0,0,0,0,0,0,0,0,0,0,0,0,"3,093.50",0,0,0,0,0,0,0,0,0
2019.06.29,1,발전량,773.1,32,773.1,0,773.1,773.1,0,0,0,0,0,0,0,0,0,0,0,0,0,0,773.1,0,0,0,0,0,0,0,0,0
2019.06.30,1,발전량,"3,852.30",161,"3,852.30",0,"3,852.30","3,852.30",0,0,0,0,0,0,0,0,0,0,0,0,0,0,"3,852.30",0,0,0,0,0,0,0,0,0
2019.07.01,1,발전량,"2,300.90",96,"2,300.90",0,"2,300.90","2,300.90",0,0,0,0,0,0,0,0,0,0,0,0,0,0,"2,300.90",0,0,0,0,0,0,0,0,0
2019.07.02,1,발전량,"5,384.20",224,"5,384.20",0,"5,384.20","5,384.20",0,0,0,0,0,0,0,0,0,0,0,0,0,0,"5,384.20",0,0,0,0,0,0,0,0,0
2019.07.03,1,발전량,"3,036.20",127,"3,036.20",0,"3,036.20","3,036.20",0,0,0,0,0,0,0,0,0,0,0,0,0,0,"3,036.20",0,0,0,0,0,0,0,0,0
2019.07.04,1,발전량,"3,569.70",149,"3,569.70",0,"3,569.70","3,569.70",0,0,0,0,0,0,0,0,0,0,0,0,0,0,"3,569.70",0,0,0,0,0,0,0,0,0
2019.07.05,1,발전량,"5,216.30",217,"5,216.30",0,"5,216.30","5,216.30",0,0,0,0,0,0,0,0,0,0,0,0,0,0,"5,216.30",0,0,0,0,0,0,0,0,0
2019.07.06,1,발전량,"5,466.10",228,"5,466.10",0,"5,466.10","5,466.10",0,0,0,0,0,0,0,0,0,0,0,0,0,0,"5,466.10",0,0,0,0,0,0,0,0,0
2019.07.07,1,발전량,"4,239.40",177,"4,239.40",0,"4,239.40","4,239.40",0,0,0,0,0,0,0,0,0,0,0,0,0,0,"4,239.40",0,0,0,0,0,0,0,0,0
2019.07.08,1,발전량,"3,964.90",165,"3,964.90",0,"3,964.90","3,964.90",0,0,0,0,0,0,0,0,0,0,0,0,0,0,"3,964.90",0,0,0,0,0,0,0,0,0
2019.07.09,1,발전량,"2,655.20",111,"2,655.20",0,"2,655.20","2,655.20",0,0,0,0,0,0,0,0,0,0,0,0,0,0,"2,655.20",0,0,0,0,0,0,0,0,0
2019.07.10,1,발전량,942.1,39,942.1,0,942.1,942.1,0,0,0,0,0,0,0,0,0,0,0,0,0,0,942.1,0,0,0,0,0,0,0,0,0
2019.07.11,1,발전량,"2,538.50",106,"2,538.50",0,"2,538.50","2,538.50",0,0,0,0,0,0,0,0,0,0,0,0,0,0,"2,538.50",0,0,0,0,0,0,0,0,0
2019.07.12,1,발전량,"4,074.50",170,"4,074.50",0,"4,074.50","4,074.50",0,0,0,0,0,0,0,0,0,0,0,0,0,0,"4,074.50",0,0,0,0,0,0,0,0,0
2019.07.13,1,발전량,"3,293.20",137,"3,293.20",0,"3,293.20","3,293.20",0,0,0,0,0,0,0,0,0,0,0,0,0,0,"3,293.20",0,0,0,0,0,0,0,0,0
2019.07.14,1,발전량,"4,479.00",187,"4,479.00",0,"4,479.00","4,479.00",0,0,0,0,0,0,0,0,0,0,0,0,0,0,"4,479.00",0,0,0,0,0,0,0,0,0
2019.07.15,1,발전량,"1,571.80",65,"1,571.80",0,"1,571.80","1,571.80",0,0,0,0,0,0,0,0,0,0,0,0,0,0,"1,571.80",0,0,0,0,0,0,0,0,0
2019.07.16,1,발전량,"4,060.20",169,"4,060.20",0,"4,060.20","4,060.20",0,0,0,0,0,0,0,0,0,0,0,0,0,0,"4,060.20",0,0,0,0,0,0,0,0,0
2019.07.17,1,발전량,"3,701.80",154,"3,701.80",0,"3,701.80","3,701.80",0,0,0,0,0,0,0,0,0,0,0,0,0,0,"3,701.80",0,0,0,0,0,0,0,0,0
2019.07.18,1,발전량,"2,523.10",105,"2,523.10",0,"2,523.10","2,523.10",0,0,0,0,0,0,0,0,0,0,0,0,0,0,"2,523.10",0,0,0,0,0,0,0,0,0
2019.07.19,1,발전량,"1,545.20",64,"1,545.20",0,"1,545.20","1,545.20",0,0,0,0,0,0,0,0,0,0,0,0,0,0,"1,545.20",0,0,0,0,0,0,0,0,0
2019.07.20,1,발전량,"1,397.80",58,"1,397.80",0,"1,397.80","1,397.80",0,0,0,0,0,0,0,0,0,0,0,0,0,0,"1,397.80",0,0,0,0,0,0,0,0,0
2019.07.21,1,발전량,"1,711.10",71,"1,711.10",0,"1,711.10","1,711.10",0,0,0,0,0,0,0,0,0,0,0,0,0,0,"1,711.10",0,0,0,0,0,0,0,0,0
2019.07.22,1,발전량,"4,589.60",191,"4,589.60",0,"4,589.60","4,589.60",0,0,0,0,0,0,0,0,0,0,0,0,0,0,"4,589.60",0,0,0,0,0,0,0,0,0
2019.07.23,1,발전량,"4,532.20",189,"4,532.20",0,"4,532.20","4,532.20",0,0,0,0,0,0,0,0,0,0,0,0,0,0,"4,532.20",0,0,0,0,0,0,0,0,0
2019.07.24,1,발전량,"2,336.80",97,"2,336.80",0,"2,336.80","2,336.80",0,0,0,0,0,0,0,0,0,0,0,0,0,0,"2,336.80",0,0,0,0,0,0,0,0,0
2019.07.25,1,발전량,"1,281.00",53,"1,281.00",0,"1,281.00","1,281.00",0,0,0,0,0,0,0,0,0,0,0,0,0,0,"1,281.00",0,0,0,0,0,0,0,0,0
2019.07.26,1,발전량,"3,059.70",127,"3,059.70",0,"3,059.70","3,059.70",0,0,0,0,0,0,0,0,0,0,0,0,0,0,"3,059.70",0,0,0,0,0,0,0,0,0
2019.07.27,1,발전량,"1,916.90",80,"1,916.90",0,"1,916.90","1,916.90",0,0,0,0,0,0,0,0,0,0,0,0,0,0,"1,916.90",0,0,0,0,0,0,0,0,0
2019.07.28,1,발전량,"2,623.50",109,"2,623.50",0,"2,623.50","2,623.50",0,0,0,0,0,0,0,0,0,0,0,0,0,0,"2,623.50",0,0,0,0,0,0,0,0,0
2019.07.29,1,발전량,"4,880.40",203,"4,880.40",0,"4,880.40","4,880.40",0,0,0,0,0,0,0,0,0,0,0,0,0,0,"4,880.40",0,0,0,0,0,0,0,0,0
2019.07.30,1,발전량,"4,721.70",197,"4,721.70",0,"4,721.70","4,721.70",0,0,0,0,0,0,0,0,0,0,0,0,0,0,"4,721.70",0,0,0,0,0,0,0,0,0
2019.07.31,1,발전량,"3,877.90",162,"3,877.90",0,"3,877.90","3,877.90",0,0,0,0,0,0,0,0,0,0,0,0,0,0,"3,877.90",0,0,0,0,0,0,0,0,0
2019.08.01,1,발전량,"4,795.40",200,"4,795.40",0,"4,795.40","4,795.40",0,0,0,0,0,0,0,0,0,0,0,0,0,0,"4,795.40",0,0,0,0,0,0,0,0,0
2019.08.02,1,발전량,"4,242.40",177,"4,242.40",0,"4,242.40","4,242.40",0,0,0,0,0,0,0,0,0,0,0,0,0,0,"4,242.40",0,0,0,0,0,0,0,0,0
2019.08.03,1,발전량,"4,410.40",184,"4,410.40",0,"4,410.40","4,410.40",0,0,0,0,0,0,0,0,0,0,0,0,0,0,"4,410.40",0,0,0,0,0,0,0,0,0
2019.08.04,1,발전량,"4,556.80",190,"4,556.80",0,"4,556.80","4,556.80",0,0,0,0,0,0,0,0,0,0,0,0,0,0,"4,556.80",0,0,0,0,0,0,0,0,0
2019.08.05,1,발전량,"4,986.90",208,"4,986.90",0,"4,986.90","4,986.90",0,0,0,0,0,0,0,0,0,0,0,0,0,0,"4,986.90",0,0,0,0,0,0,0,0,0
2019.08.06,1,발전량,"2,414.60",101,"2,414.60",0,"2,414.60","2,414.60",0,0,0,0,0,0,0,0,0,0,0,0,0,0,"2,414.60",0,0,0,0,0,0,0,0,0
2019.08.07,1,발전량,"3,661.80",153,"3,661.80",0,"3,661.80","3,661.80",0,0,0,0,0,0,0,0,0,0,0,0,0,0,"3,661.80",0,0,0,0,0,0,0,0,0
2019.08.08,1,발전량,"2,448.40",102,"2,448.40",0,"2,448.40","2,448.40",0,0,0,0,0,0,0,0,0,0,0,0,0,0,"2,448.40",0,0,0,0,0,0,0,0,0
2019.08.09,1,발전량,"4,533.20",189,"4,533.20",0,"4,533.20","4,533.20",0,0,0,0,0,0,0,0,0,0,0,0,0,0,"4,533.20",0,0,0,0,0,0,0,0,0
2019.08.10,1,발전량,"5,150.70",215,"5,150.70",0,"5,150.70","5,150.70",0,0,0,0,0,0,0,0,0,0,0,0,0,0,"5,150.70",0,0,0,0,0,0,0,0,0
2019.08.11,1,발전량,"4,681.70",195,"4,681.70",0,"4,681.70","4,681.70",0,0,0,0,0,0,0,0,0,0,0,0,0,0,"4,681.70",0,0,0,0,0,0,0,0,0
2019.08.12,1,발전량,"3,311.60",138,"3,311.60",0,"3,311.60","3,311.60",0,0,0,0,0,0,0,0,0,0,0,0,0,0,"3,311.60",0,0,0,0,0,0,0,0,0
2019.08.13,1,발전량,"3,850.20",160,"3,850.20",0,"3,850.20","3,850.20",0,0,0,0,0,0,0,0,0,0,0,0,0,0,"3,850.20",0,0,0,0,0,0,0,0,0
2019.08.14,1,발전량,"3,931.10",164,"3,931.10",0,"3,931.10","3,931.10",0,0,0,0,0,0,0,0,0,0,0,0,0,0,"3,931.10",0,0,0,0,0,0,0,0,0
2019.08.15,1,발전량,"1,621.00",68,"1,621.00",0,"1,621.00","1,621.00",0,0,0,0,0,0,0,0,0,0,0,0,0,0,"1,621.00",0,0,0,0,0,0,0,0,0
2019.08.16,1,발전량,"3,006.50",125,"3,006.50",0,"3,006.50","3,006.50",0,0,0,0,0,0,0,0,0,0,0,0,0,0,"3,006.50",0,0,0,0,0,0,0,0,0
2019.08.17,1,발전량,"5,122.00",213,"5,122.00",0,"5,122.00","5,122.00",0,0,0,0,0,0,0,0,0,0,0,0,0,0,"5,122.00",0,0,0,0,0,0,0,0,0
2019.08.18,1,발전량,"5,448.70",227,"5,448.70",0,"5,448.70","5,448.70",0,0,0,0,0,0,0,0,0,0,0,0,0,0,"5,448.70",0,0,0,0,0,0,0,0,0
2019.08.19,1,발전량,"3,636.20",152,"3,636.20",0,"3,636.20","3,636.20",0,0,0,0,0,0,0,0,0,0,0,0,0,0,"3,636.20",0,0,0,0,0,0,0,0,0
2019.08.20,1,발전량,822.3,34,822.3,0,822.3,822.3,0,0,0,0,0,0,0,0,0,0,0,0,0,0,822.3,0,0,0,0,0,0,0,0,0
2019.08.21,1,발전량,"2,939.90",122,"2,939.90",0,"2,939.90","2,939.90",0,0,0,0,0,0,0,0,0,0,0,0,0,0,"2,939.90",0,0,0,0,0,0,0,0,0
2019.08.22,1,발전량,"1,560.60",65,"1,560.60",0,"1,560.60","1,560.60",0,0,0,0,0,0,0,0,0,0,0,0,0,0,"1,560.60",0,0,0,0,0,0,0,0,0
2019.08.23,1,발전량,"3,751.90",156,"3,751.90",0,"3,751.90","3,751.90",0,0,0,0,0,0,0,0,0,0,0,0,0,0,"3,751.90",0,0,0,0,0,0,0,0,0
2019.08.24,1,발전량,"2,336.80",97,"2,336.80",0,"2,336.80","2,336.80",0,0,0,0,0,0,0,0,0,0,0,0,0,0,"2,336.80",0,0,0,0,0,0,0,0,0
2019.08.25,1,발전량,"4,293.60",179,"4,293.60",0,"4,293.60","4,293.60",0,0,0,0,0,0,0,0,0,0,0,0,0,0,"4,293.60",0,0,0,0,0,0,0,0,0
2019.08.26,1,발전량,"4,720.60",197,"4,720.60",0,"4,720.60","4,720.60",0,0,0,0,0,0,0,0,0,0,0,0,0,0,"4,720.60",0,0,0,0,0,0,0,0,0
2019.08.27,1,발전량,566.3,24,566.3,0,566.3,566.3,0,0,0,0,0,0,0,0,0,0,0,0,0,0,566.3,0,0,0,0,0,0,0,0,0
2019.08.28,1,발전량,"2,026.50",84,"2,026.50",0,"2,026.50","2,026.50",0,0,0,0,0,0,0,0,0,0,0,0,0,0,"2,026.50",0,0,0,0,0,0,0,0,0
2019.08.29,1,발전량,"1,332.20",56,"1,332.20",0,"1,332.20","1,332.20",0,0,0,0,0,0,0,0,0,0,0,0,0,0,"1,332.20",0,0,0,0,0,0,0,0,0
2019.08.30,1,발전량,"5,339.10",222,"5,339.10",0,"5,339.10","5,339.10",0,0,0,0,0,0,0,0,0,0,0,0,0,0,"5,339.10",0,0,0,0,0,0,0,0,0
2019.08.31,1,발전량,"4,633.60",193,"4,633.60",0,"4,633.60","4,633.60",0,0,0,0,0,0,0,0,0,0,0,0,0,0,"4,633.60",0,0,0,0,0,0,0,0,0
2019.09.01,1,발전량,"2,861.10",119,"2,861.10",0,"2,861.10","2,861.10",0,0,0,0,0,0,0,0,0,0,0,0,0,0,"2,861.10",0,0,0,0,0,0,0,0,0
2019.09.02,1,발전량,906.2,38,906.2,0,906.2,906.2,0,0,0,0,0,0,0,0,0,0,0,0,0,0,906.2,0,0,0,0,0,0,0,0,0
2019.09.03,1,발전량,991.2,41,991.2,0,991.2,991.2,0,0,0,0,0,0,0,0,0,0,0,0,0,0,991.2,0,0,0,0,0,0,0,0,0
2019.09.04,1,발전량,"1,282.00",53,"1,282.00",0,"1,282.00","1,282.00",0,0,0,0,0,0,0,0,0,0,0,0,0,0,"1,282.00",0,0,0,0,0,0,0,0,0
2019.09.05,1,발전량,"3,029.00",126,"3,029.00",0,"3,029.00","3,029.00",0,0,0,0,0,0,0,0,0,0,0,0,0,0,"3,029.00",0,0,0,0,0,0,0,0,0
2019.09.06,1,발전량,"2,037.80",85,"2,037.80",0,"2,037.80","2,037.80",0,0,0,0,0,0,0,0,0,0,0,0,0,0,"2,037.80",0,0,0,0,0,0,0,0,0
2019.09.07,1,발전량,"2,257.90",94,"2,257.90",0,"2,257.90","2,257.90",0,0,0,0,0,0,0,0,0,0,0,0,0,0,"2,257.90",0,0,0,0,0,0,0,0,0
2019.09.08,1,발전량,"2,993.20",125,"2,993.20",0,"2,993.20","2,993.20",0,0,0,0,0,0,0,0,0,0,0,0,0,0,"2,993.20",0,0,0,0,0,0,0,0,0
2019.09.09,1,발전량,"2,646.00",110,"2,646.00",0,"2,646.00","2,646.00",0,0,0,0,0,0,0,0,0,0,0,0,0,0,"2,646.00",0,0,0,0,0,0,0,0,0
2019.09.10,1,발전량,"4,013.10",167,"4,013.10",0,"4,013.10","4,013.10",0,0,0,0,0,0,0,0,0,0,0,0,0,0,"4,013.10",0,0,0,0,0,0,0,0,0
2019.09.11,1,발전량,"2,448.40",102,"2,448.40",0,"2,448.40","2,448.40",0,0,0,0,0,0,0,0,0,0,0,0,0,0,"2,448.40",0,0,0,0,0,0,0,0,0
2019.09.12,1,발전량,923.6,38,923.6,0,923.6,923.6,0,0,0,0,0,0,0,0,0,0,0,0,0,0,923.6,0,0,0,0,0,0,0,0,0
2019.09.13,1,발전량,"3,817.50",159,"3,817.50",0,"3,817.50","3,817.50",0,0,0,0,0,0,0,0,0,0,0,0,0,0,"3,817.50",0,0,0,0,0,0,0,0,0
2019.09.14,1,발전량,"4,038.70",168,"4,038.70",0,"4,038.70","4,038.70",0,0,0,0,0,0,0,0,0,0,0,0,0,0,"4,038.70",0,0,0,0,0,0,0,0,0
2019.09.15,1,발전량,"4,513.20",188,"4,513.20",0,"4,513.20","4,513.20",0,0,0,0,0,0,0,0,0,0,0,0,0,0,"4,513.20",0,0,0,0,0,0,0,0,0
2019.09.16,1,발전량,"4,561.40",190,"4,561.40",0,"4,561.40","4,561.40",0,0,0,0,0,0,0,0,0,0,0,0,0,0,"4,561.40",0,0,0,0,0,0,0,0,0
2019.09.17,1,발전량,"4,816.80",201,"4,816.80",0,"4,816.80","4,816.80",0,0,0,0,0,0,0,0,0,0,0,0,0,0,"4,816.80",0,0,0,0,0,0,0,0,0
2019.09.18,1,발전량,"4,613.00",192,"4,613.00",0,"4,613.00","4,613.00",0,0,0,0,0,0,0,0,0,0,0,0,0,0,"4,613.00",0,0,0,0,0,0,0,0,0
2019.09.19,1,발전량,"4,650.30",194,"4,650.30",0,"4,650.30","4,650.30",0,0,0,0,0,0,0,0,0,0,0,0,0,0,"4,650.30",0,0,0,0,0,0,0,0,0
2019.09.20,1,발전량,"2,290.70",95,"2,290.70",0,"2,290.70","2,290.70",0,0,0,0,0,0,0,0,0,0,0,0,0,0,"2,290.70",0,0,0,0,0,0,0,0,0
2019.09.21,1,발전량,601.1,25,601.1,0,601.1,601.1,0,0,0,0,0,0,0,0,0,0,0,0,0,0,601.1,0,0,0,0,0,0,0,0,0
2019.09.22,1,발전량,263.2,11,263.2,0,263.2,263.2,0,0,0,0,0,0,0,0,0,0,0,0,0,0,263.2,0,0,0,0,0,0,0,0,0
2019.09.23,1,발전량,"1,963.00",82,"1,963.00",0,"1,963.00","1,963.00",0,0,0,0,0,0,0,0,0,0,0,0,0,0,"1,963.00",0,0,0,0,0,0,0,0,0
2019.09.24,1,발전량,"5,057.50",211,"5,057.50",0,"5,057.50","5,057.50",0,0,0,0,0,0,0,0,0,0,0,0,0,0,"5,057.50",0,0,0,0,0,0,0,0,0
2019.09.25,1,발전량,"3,842.00",160,"3,842.00",0,"3,842.00","3,842.00",0,0,0,0,0,0,0,0,0,0,0,0,0,0,"3,842.00",0,0,0,0,0,0,0,0,0
2019.09.26,1,발전량,"3,037.20",127,"3,037.20",0,"3,037.20","3,037.20",0,0,0,0,0,0,0,0,0,0,0,0,0,0,"3,037.20",0,0,0,0,0,0,0,0,0
2019.09.27,1,발전량,"4,184.10",174,"4,184.10",0,"4,184.10","4,184.10",0,0,0,0,0,0,0,0,0,0,0,0,0,0,"4,184.10",0,0,0,0,0,0,0,0,0
2019.09.28,1,발전량,"2,390.00",100,"2,390.00",0,"2,390.00","2,390.00",0,0,0,0,0,0,0,0,0,0,0,0,0,0,"2,390.00",0,0,0,0,0,0,0,0,0
2019.09.29,1,발전량,"4,359.20",182,"4,359.20",0,"4,359.20","4,359.20",0,0,0,0,0,0,0,0,0,0,0,0,0,0,"4,359.20",0,0,0,0,0,0,0,0,0
2019.09.30,1,발전량,"4,521.00",188,"4,521.00",0,"4,521.00","4,521.00",0,0,0,0,0,0,0,0,0,0,0,0,0,0,"4,521.00",0,0,0,0,0,0,0,0,0
2019.10.01,1,발전량,796.7,33,796.7,0,796.7,796.7,0,0,0,0,0,0,0,0,0,0,0,0,0,0,796.7,0,0,0,0,0,0,0,0,0
2019.10.02,1,발전량,57.3,2,57.3,0,57.3,57.3,0,0,0,0,0,0,0,0,0,0,0,0,0,0,57.3,0,0,0,0,0,0,0,0,0
2019.10.03,1,발전량,"3,454.00",144,"3,454.00",0,"3,454.00","3,454.00",0,0,0,0,0,0,0,0,0,0,0,0,0,0,"3,454.00",0,0,0,0,0,0,0,0,0
2019.10.04,1,발전량,"4,244.50",177,"4,244.50",0,"4,244.50","4,244.50",0,0,0,0,0,0,0,0,0,0,0,0,0,0,"4,244.50",0,0,0,0,0,0,0,0,0
2019.10.05,1,발전량,"2,586.60",108,"2,586.60",0,"2,586.60","2,586.60",0,0,0,0,0,0,0,0,0,0,0,0,0,0,"2,586.60",0,0,0,0,0,0,0,0,0
2019.10.06,1,발전량,"2,657.30",111,"2,657.30",0,"2,657.30","2,657.30",0,0,0,0,0,0,0,0,0,0,0,0,0,0,"2,657.30",0,0,0,0,0,0,0,0,0
2019.10.07,1,발전량,830.5,35,830.5,0,830.5,830.5,0,0,0,0,0,0,0,0,0,0,0,0,0,0,830.5,0,0,0,0,0,0,0,0,0
2019.10.08,1,발전량,"4,023.30",168,"4,023.30",0,"4,023.30","4,023.30",0,0,0,0,0,0,0,0,0,0,0,0,0,0,"4,023.30",0,0,0,0,0,0,0,0,0
2019.10.09,1,발전량,"5,319.70",222,"5,319.70",0,"5,319.70","5,319.70",0,0,0,0,0,0,0,0,0,0,0,0,0,0,"5,319.70",0,0,0,0,0,0,0,0,0
2019.10.10,1,발전량,"3,781.60",158,"3,781.60",0,"3,781.60","3,781.60",0,0,0,0,0,0,0,0,0,0,0,0,0,0,"3,781.60",0,0,0,0,0,0,0,0,0
2019.10.11,1,발전량,"4,953.10",206,"4,953.10",0,"4,953.10","4,953.10",0,0,0,0,0,0,0,0,0,0,0,0,0,0,"4,953.10",0,0,0,0,0,0,0,0,0
2019.10.12,1,발전량,"5,120.00",213,"5,120.00",0,"5,120.00","5,120.00",0,0,0,0,0,0,0,0,0,0,0,0,0,0,"5,120.00",0,0,0,0,0,0,0,0,0
2019.10.13,1,발전량,"4,489.20",187,"4,489.20",0,"4,489.20","4,489.20",0,0,0,0,0,0,0,0,0,0,0,0,0,0,"4,489.20",0,0,0,0,0,0,0,0,0
2019.10.14,1,발전량,"4,069.40",170,"4,069.40",0,"4,069.40","4,069.40",0,0,0,0,0,0,0,0,0,0,0,0,0,0,"4,069.40",0,0,0,0,0,0,0,0,0
2019.10.15,1,발전량,"2,421.80",101,"2,421.80",0,"2,421.80","2,421.80",0,0,0,0,0,0,0,0,0,0,0,0,0,0,"2,421.80",0,0,0,0,0,0,0,0,0
2019.10.16,1,발전량,"3,937.30",164,"3,937.30",0,"3,937.30","3,937.30",0,0,0,0,0,0,0,0,0,0,0,0,0,0,"3,937.30",0,0,0,0,0,0,0,0,0
2019.10.17,1,발전량,"2,721.80",113,"2,721.80",0,"2,721.80","2,721.80",0,0,0,0,0,0,0,0,0,0,0,0,0,0,"2,721.80",0,0,0,0,0,0,0,0,0
2019.10.18,1,발전량,679.9,28,679.9,0,679.9,679.9,0,0,0,0,0,0,0,0,0,0,0,0,0,0,679.9,0,0,0,0,0,0,0,0,0
2019.10.19,1,발전량,"3,813.40",159,"3,813.40",0,"3,813.40","3,813.40",0,0,0,0,0,0,0,0,0,0,0,0,0,0,"3,813.40",0,0,0,0,0,0,0,0,0
2019.10.20,1,발전량,"4,354.00",181,"4,354.00",0,"4,354.00","4,354.00",0,0,0,0,0,0,0,0,0,0,0,0,0,0,"4,354.00",0,0,0,0,0,0,0,0,0
2019.10.21,1,발전량,"4,405.20",184,"4,405.20",0,"4,405.20","4,405.20",0,0,0,0,0,0,0,0,0,0,0,0,0,0,"4,405.20",0,0,0,0,0,0,0,0,0
2019.10.22,1,발전량,"4,634.60",193,"4,634.60",0,"4,634.60","4,634.60",0,0,0,0,0,0,0,0,0,0,0,0,0,0,"4,634.60",0,0,0,0,0,0,0,0,0
2019.10.23,1,발전량,8.2,0,8.2,0,8.2,8.2,0,0,0,0,0,0,0,0,0,0,0,0,0,0,8.2,0,0,0,0,0,0,0,0,0
2019.10.24,1,발전량,5.1,0,5.1,0,5.1,5.1,0,0,0,0,0,0,0,0,0,0,0,0,0,0,5.1,0,0,0,0,0,0,0,0,0
2019.10.25,1,발전량,"3,961.90",165,"3,961.90",0,"3,961.90","3,961.90",0,0,0,0,0,0,0,0,0,0,0,0,0,0,"3,961.90",0,0,0,0,0,0,0,0,0
2019.10.26,1,발전량,"4,600.80",192,"4,600.80",0,"4,600.80","4,600.80",0,0,0,0,0,0,0,0,0,0,0,0,0,0,"4,600.80",0,0,0,0,0,0,0,0,0
2019.10.27,1,발전량,"5,149.70",215,"5,149.70",0,"5,149.70","5,149.70",0,0,0,0,0,0,0,0,0,0,0,0,0,0,"5,149.70",0,0,0,0,0,0,0,0,0
2019.10.28,1,발전량,"4,572.20",191,"4,572.20",0,"4,572.20","4,572.20",0,0,0,0,0,0,0,0,0,0,0,0,0,0,"4,572.20",0,0,0,0,0,0,0,0,0
2019.10.29,1,발전량,"3,501.10",146,"3,501.10",0,"3,501.10","3,501.10",0,0,0,0,0,0,0,0,0,0,0,0,0,0,"3,501.10",0,0,0,0,0,0,0,0,0
2019.10.30,1,발전량,"5,067.80",211,"5,067.80",0,"5,067.80","5,067.80",0,0,0,0,0,0,0,0,0,0,0,0,0,0,"5,067.80",0,0,0,0,0,0,0,0,0
2019.10.31,1,발전량,"4,638.70",193,"4,638.70",0,"4,638.70","4,638.70",0,0,0,0,0,0,0,0,0,0,0,0,0,0,"4,638.70",0,0,0,0,0,0,0,0,0
2019.11.01,1,발전량,"4,205.23",175,670.68,0,670.68,0.288,0,0,0,0,0,0,0,23.472,205.776,428.76,576.72,650.808,670.68,630.36,524.232,360.144,133.992,0.288,0,0,0,0,0,0
2019.11.02,1,발전량,"2,738.81",114,516.168,0,516.16,10.224,0,0,0,0,0,0,0,35.64,225.144,415.872,516.168,463.32,377.424,245.736,201.672,178.632,68.976,10.224,0,0,0,0,0,0
2019.11.03,1,발전량,"3,229.78",135,549.144,0,549.14,0.072,0,0,0,0,0,0,0,5.4,101.16,220.608,429.12,480.96,503.64,549.144,483.624,333.864,122.184,0.072,0,0,0,0,0,0
2019.11.04,1,발전량,"2,313.50",96,375.192,0,375.19,0.216,0,0,0,0,0,0,0,0.72,84.24,341.64,375.192,218.304,192.528,354.384,276.048,328.464,141.768,0.216,0,0,0,0,0,0
2019.11.05,1,발전량,"4,342.82",181,691.272,0,691.27,0.72,0,0,0,0,0,0,0,26.568,231.336,448.992,600.552,674.568,691.272,634.464,523.728,370.224,140.4,0.72,0,0,0,0,0,0
2019.11.06,1,발전량,"4,317.48",180,694.944,0,694.94,0.072,0,0,0,0,0,0,0,17.712,237.456,469.584,603.72,677.448,694.944,647.208,529.344,318.168,121.824,0.072,0,0,0,0,0,0
2019.11.07,1,발전량,"3,834.72",160,691.92,0,691.92,0.216,0,0,0,0,0,0,0,0.36,52.488,197.784,532.872,635.4,691.92,652.896,557.352,378.648,134.784,0.216,0,0,0,0,0,0
2019.11.08,1,발전량,"4,687.49",195,725.832,0,725.83,0.288,0,0,0,0,0,0,0,27.792,270.792,505.512,636.768,713.16,725.832,676.368,576.288,404.856,149.832,0.288,0,0,0,0,0,0
2019.11.09,1,발전량,"4,537.15",189,698.904,0,698.9,27.43,0,0,0,0,0,0,0,27.432,272.016,496.224,625.824,688.464,698.904,656.28,551.88,382.032,138.096,0,0,0,0,0,0,0
2019.11.10,1,발전량,"1,613.38",67,325.872,0,325.87,0.216,0,0,0,0,0,0,0,8.28,87.12,173.16,325.872,171.792,235.224,221.688,185.976,153.288,50.76,0.216,0,0,0,0,0,0
2019.11.11,1,발전량,"1,813.61",76,369.576,0,369.57,0.072,0,0,0,0,0,0,0,0.792,35.424,338.904,369.576,144.144,106.848,183.816,313.416,184.536,136.08,0.072,0,0,0,0,0,0
2019.11.12,1,발전량,"3,675.46",153,646.488,0,646.48,14.18,0,0,0,0,0,0,0,14.184,248.256,490.968,602.712,618.984,398.448,646.488,428.544,165.024,61.848,0,0,0,0,0,0,0
2019.11.13,1,발전량,963.216,40,184.68,0,184.68,20.88,0,0,0,0,0,0,0,20.88,138.168,87.408,95.688,115.848,184.68,50.112,110.304,123.336,36.792,0,0,0,0,0,0,0
2019.11.14,1,발전량,"5,076.29",212,785.664,0,785.66,22.752,0,0,0,0,0,0,0,22.752,290.88,553.392,700.776,773.064,785.664,737.496,627.192,441.432,143.64,0,0,0,0,0,0,0
2019.11.15,1,발전량,"3,998.59",167,685.728,0,685.72,0.144,0,0,0,0,0,0,0,14.544,236.808,471.168,600.768,665.712,685.728,634.824,393.12,264.168,31.608,0.144,0,0,0,0,0,0
2019.11.16,1,발전량,"2,849.04",119,580.752,0,580.75,0.72,0,0,0,0,0,0,0,0.72,11.592,263.808,537.696,580.752,430.272,401.04,392.832,161.928,68.4,0,0,0,0,0,0,0
2019.11.17,1,발전량,162.288,7,66.528,0,66.52,0.07,0,0,0,0,0,0,0,0,1.944,22.608,66.528,30.888,17.928,18.144,2.736,1.44,0.072,0,0,0,0,0,0,0
2019.11.18,1,발전량,931.896,39,229.968,0,229.96,0.5,0,0,0,0,0,0,0,0,0.504,74.448,229.968,173.52,121.608,116.856,87.552,97.704,29.736,0,0,0,0,0,0,0
2019.11.19,1,발전량,"4,056.05",169,772.56,0,772.56,83.08,0,0,0,0,0,0,0,0,235.656,521.856,680.904,758.304,772.56,471.672,310.968,221.04,83.088,0,0,0,0,0,0,0
2019.11.20,1,발전량,"4,717.66",197,744.624,0,744.62,12.31,0,0,0,0,0,0,0,12.312,248.112,511.848,656.784,736.632,744.624,698.112,590.328,411.336,107.568,0,0,0,0,0,0,0
2019.11.21,1,발전량,"4,022.35",168,695.376,0,695.37,9.72,0,0,0,0,0,0,0,9.72,215.784,478.368,604.512,673.272,695.376,645.768,449.28,222.192,28.08,0,0,0,0,0,0,0
2019.11.22,1,발전량,"4,129.78",172,679.032,0,679.03,6.624,0,0,0,0,0,0,0,6.624,197.64,456.336,596.664,668.52,679.032,624.312,504.864,305.712,90.072,0,0,0,0,0,0,0
2019.11.23,1,발전량,"3,690.86",154,677.016,0,677.01,0.288,0,0,0,0,0,0,0,0.288,96.912,383.328,595.152,677.016,622.872,444.744,432.72,353.52,84.312,0,0,0,0,0,0,0
2019.11.24,1,발전량,"2,959.99",123,552.744,0,552.74,0.864,0,0,0,0,0,0,0,0.864,146.808,397.512,255.816,424.512,373.464,552.744,470.016,299.952,38.304,0,0,0,0,0,0,0
2019.11.25,1,발전량,926.712,39,196.488,0,196.48,5.25,0,0,0,0,0,0,0,0,5.256,77.04,100.512,196.488,146.592,106.344,164.808,109.224,20.448,0,0,0,0,0,0,0
2019.11.26,1,발전량,"2,644.06",110,530.28,0,530.28,3.672,0,0,0,0,0,0,0,3.672,199.44,393.912,530.28,428.832,174.6,165.672,465.984,239.76,41.904,0,0,0,0,0,0,0
2019.11.27,1,발전량,"1,190.45",50,282.168,0,282.16,33.408,0,0,0,0,0,0,0,0,44.352,42.048,141.912,282.168,239.904,234.864,55.152,116.64,33.408,0,0,0,0,0,0,0
2019.11.28,1,발전량,"1,371.53",57,373.392,0,373.39,0.14,0,0,0,0,0,0,0,0.144,65.664,142.056,373.392,303.552,180.432,147.888,112.248,38.736,7.416,0,0,0,0,0,0,0
2019.11.29,1,발전량,"4,387.46",183,724.752,0,724.75,0.288,0,0,0,0,0,0,0,0.288,149.76,460.8,617.4,700.488,724.752,677.16,580.608,386.928,89.28,0,0,0,0,0,0,0
2019.11.30,1,발전량,"3,184.06",133,618.192,0,618.19,0.288,0,0,0,0,0,0,0,0.288,49.032,292.896,227.88,461.952,618.192,600.912,520.344,341.424,71.136,0,0,0,0,0,0,0
2019.12.01,1,발전량,500.976,21,132.552,0,132.55,0.36,0,0,0,0,0,0,0,0,3.096,98.136,132.552,132.48,103.752,29.52,1.08,0.36,0,0,0,0,0,0,0,0
2019.12.02,1,발전량,"3,711.74",155,690.84,0,690.84,0.07,0,0,0,0,0,0,0,0.072,69.912,180.072,585.792,690.84,563.544,590.4,559.872,385.992,85.248,0,0,0,0,0,0,0
2019.12.03,1,발전량,"3,341.38",139,715.104,0,715.1,0.792,0,0,0,0,0,0,0,0.792,157.68,450.216,616.608,700.56,715.104,443.088,179.784,57.744,19.8,0,0,0,0,0,0,0
2019.12.04,1,발전량,"4,038.84",168,724.68,0,724.68,20.01,0,0,0,0,0,0,0,0,20.016,339.696,530.64,681.336,724.68,689.112,593.28,381.312,78.768,0,0,0,0,0,0,0
2019.12.05,1,발전량,"4,342.90",181,730.656,0,730.65,0.072,0,0,0,0,0,0,0,0.072,169.128,466.92,635.328,706.104,730.656,677.448,542.52,339.48,75.24,0,0,0,0,0,0,0
2019.12.06,1,발전량,"4,494.38",187,740.448,0,740.44,0.144,0,0,0,0,0,0,0,0.144,151.344,455.112,638.856,739.368,740.448,685.728,605.016,398.448,79.92,0,0,0,0,0,0,0
2019.12.07,1,발전량,"3,984.48",166,700.848,0,700.84,0.216,0,0,0,0,0,0,0,0.216,142.128,438.336,604.224,678.456,700.848,650.448,501.624,206.64,61.56,0,0,0,0,0,0,0
2019.12.08,1,발전량,"3,969.07",165,683.28,0,683.28,0.216,0,0,0,0,0,0,0,0.216,102.6,385.56,563.688,650.808,683.28,640.008,532.656,341.64,68.616,0,0,0,0,0,0,0
2019.12.09,1,발전량,"3,491.06",145,603.432,0,603.43,0.14,0,0,0,0,0,0,0,0.144,99.576,352.656,516.528,593.424,603.432,564.12,450.36,259.992,50.832,0,0,0,0,0,0,0
2019.12.10,1,발전량,"2,145.53",89,478.44,0,478.44,0.07,0,0,0,0,0,0,0,0.072,77.76,138.24,179.208,255.672,462.528,478.44,319.032,202.968,31.608,0,0,0,0,0,0,0
2019.12.11,1,발전량,"1,724.04",72,539.568,0,539.56,0.072,0,0,0,0,0,0,0,0.072,43.344,152.784,293.832,486.576,539.568,82.512,106.848,8.208,10.296,0,0,0,0,0,0,0
2019.12.12,1,발전량,"4,394.95",183,733.896,0,733.89,0.072,0,0,0,0,0,0,0,0.072,129.888,441.144,629.064,708.768,733.896,695.232,587.736,389.592,79.56,0,0,0,0,0,0,0
2019.12.13,1,발전량,"3,484.87",145,643.248,0,643.24,0.072,0,0,0,0,0,0,0,0.072,80.352,350.208,531.216,634.248,643.248,484.344,477.072,219.96,64.08,0.072,0,0,0,0,0,0
2019.12.14,1,발전량,"3,903.70",163,696.96,0,696.96,71.64,0,0,0,0,0,0,0,0,71.64,335.448,544.68,671.832,696.96,655.2,547.992,289.152,90.792,0,0,0,0,0,0,0
2019.12.15,1,발전량,"3,506.62",146,638.208,0,638.2,0.072,0,0,0,0,0,0,0,0.072,92.52,365.832,537.696,623.448,638.208,580.536,443.304,169.848,55.152,0,0,0,0,0,0,0
2019.12.16,1,발전량,"3,373.20",141,615.888,0,615.88,0.072,0,0,0,0,0,0,0,0.072,51.984,318.096,510.984,593.28,615.888,566.784,470.232,208.584,37.296,0,0,0,0,0,0,0
2019.12.17,1,발전량,"1,232.50",51,448.776,0,448.77,0.072,0,0,0,0,0,0,0,0.288,19.584,0.864,37.008,413.064,448.776,287.784,24.48,0.576,0.072,0,0,0,0,0,0,0
2019.12.18,1,발전량,"3,371.62",140,653.616,0,653.61,46.008,0,0,0,0,0,0,0,0,46.008,184.608,382.968,592.488,653.616,613.512,511.992,317.808,68.616,0,0,0,0,0,0,0
2019.12.19,1,발전량,"3,891.96",162,715.032,0,715.03,75.312,0,0,0,0,0,0,0,0,75.312,239.4,582.912,696.96,715.032,661.032,550.152,290.448,80.712,0,0,0,0,0,0,0
2019.12.20,1,발전량,"2,211.34",92,554.76,0,554.76,0.864,0,0,0,0,0,0,0,0,0.864,39.168,170.424,412.056,554.76,318.6,442.872,234.072,38.52,0,0,0,0,0,0,0
2019.12.21,1,발전량,"1,649.95",69,319.752,0,319.75,0.144,0,0,0,0,0,0,0,0.144,67.032,266.688,319.752,257.112,213.552,221.112,170.712,104.256,29.592,0,0,0,0,0,0,0
2019.12.22,1,발전량,"1,747.08",73,484.488,0,484.48,1.368,0,0,0,0,0,0,0,0,1.368,66.744,142.2,215.784,254.52,484.488,289.944,223.488,68.544,0,0,0,0,0,0,0
2019.12.23,1,발전량,"2,026.22",84,446.904,0,446.9,0.936,0,0,0,0,0,0,0,0,0.936,148.536,157.752,332.928,446.904,387.648,352.44,151.992,47.088,0,0,0,0,0,0,0
2019.12.24,1,발전량,"3,488.33",145,656.712,0,656.71,0.072,0,0,0,0,0,0,0,0.072,50.4,254.376,457.2,446.976,656.712,627.984,546.192,363.096,85.248,0.072,0,0,0,0,0,0
2019.12.25,1,발전량,"3,329.78",139,614.304,0,614.3,25.848,0,0,0,0,0,0,0,0,60.048,311.4,506.16,608.76,614.304,429.336,448.488,325.44,25.848,0,0,0,0,0,0,0
2019.12.26,1,발전량,214.056,9,81.936,0,81.93,0.288,0,0,0,0,0,0,0,0,0.432,26.64,81.936,49.464,27.648,13.536,13.536,0.576,0.288,0,0,0,0,0,0,0
2019.12.27,1,발전량,"4,145.98",173,712.008,0,712,74.736,0,0,0,0,0,0,0,0,74.736,338.688,560.808,674.784,712.008,679.68,599.616,402.336,103.32,0,0,0,0,0,0,0
2019.12.28,1,발전량,"4,056.05",169,686.808,0,686.8,0.072,0,0,0,0,0,0,0,0,77.976,369.072,567.792,658.656,686.808,654.408,563.112,379.8,98.352,0.072,0,0,0,0,0,0
2019.12.29,1,발전량,790.272,33,168.84,0,168.84,0.072,0,0,0,0,0,0,0,0,3.024,29.808,92.592,135.288,168.84,157.68,99.648,58.392,44.928,0.072,0,0,0,0,0,0
2019.12.30,1,발전량,"1,499.83",62,518.328,0,518.32,0.36,0,0,0,0,0,0,0,0,0.36,25.848,62.28,168.336,207.072,518.328,348.12,157.248,12.24,0,0,0,0,0,0,0
2019.12.31,1,발전량,"4,683.38",195,781.272,0,781.27,0.072,0,0,0,0,0,0,0,0,82.296,416.52,646.344,751.752,781.272,755.136,657.432,457.416,135.144,0.072,0,0,0,0,0,0
,,,,,,,,,,,,,,,,,,,,,,,,,,,,,,,,
,,,,,,,,,,,,,,,,,,,,,,,,,,,,,,,,
,,,,,,,,,,,,,,,,,,,,,,,,,,,,,,,,
,,,,,,,,,,,,,,,,,,,,,,,,,,,,,,,,
,,,,,,,,,,,,,,,,,,,,,,,,,,,,,,,,
,,,,,,,,,,,,,,,,,,,,,,,,,,,,,,,,
,,,,,,,,,,,,,,,,,,,,,,,,,,,,,,,,
,,,,,,,,,,,,,,,,,,,,,,,,,,,,,,,,
,,,,,,,,,,,,,,,,,,,,,,,,,,,,,,,,
,,,,,,,,,,,,,,,,,,,,,,,,,,,,,,,,
,,,,,,,,,,,,,,,,,,,,,,,,,,,,,,,,
,,,,,,,,,,,,,,,,,,,,,,,,,,,,,,,,
,,,,,,,,,,,,,,,,,,,,,,,,,,,,,,,,
,,,,,,,,,,,,,,,,,,,,,,,,,,,,,,,,
,,,,,,,,,,,,,,,,,,,,,,,,,,,,,,,,
,,,,,,,,,,,,,,,,,,,,,,,,,,,,,,,,
,,,,,,,,,,,,,,,,,,,,,,,,,,,,,,,,
,,,,,,,,,,,,,,,,,,,,,,,,,,,,,,,,
,,,,,,,,,,,,,,,,,,,,,,,,,,,,,,,,
,,,,,,,,,,,,,,,,,,,,,,,,,,,,,,,,
,,,,,,,,,,,,,,,,,,,,,,,,,,,,,,,,
,,,,,,,,,,,,,,,,,,,,,,,,,,,,,,,,
,,,,,,,,,,,,,,,,,,,,,,,,,,,,,,,,
,,,,,,,,,,,,,,,,,,,,,,,,,,,,,,,,
,,,,,,,,,,,,,,,,,,,,,,,,,,,,,,,,
,,,,,,,,,,,,,,,,,,,,,,,,,,,,,,,,
,,,,,,,,,,,,,,,,,,,,,,,,,,,,,,,,
,,,,,,,,,,,,,,,,,,,,,,,,,,,,,,,,
,,,,,,,,,,,,,,,,,,,,,,,,,,,,,,,,
,,,,,,,,,,,,,,,,,,,,,,,,,,,,,,,,
,,,,,,,,,,,,,,,,,,,,,,,,,,,,,,,,
,,,,,,,,,,,,,,,,,,,,,,,,,,,,,,,,
,,,,,,,,,,,,,,,,,,,,,,,,,,,,,,,,
,,,,,,,,,,,,,,,,,,,,,,,,,,,,,,,,
,,,,,,,,,,,,,,,,,,,,,,,,,,,,,,,,
,,,,,,,,,,,,,,,,,,,,,,,,,,,,,,,,
,,,,,,,,,,,,,,,,,,,,,,,,,,,,,,,,
,,,,,,,,,,,,,,,,,,,,,,,,,,,,,,,,
,,,,,,,,,,,,,,,,,,,,,,,,,,,,,,,,
,,,,,,,,,,,,,,,,,,,,,,,,,,,,,,,,
,,,,,,,,,,,,,,,,,,,,,,,,,,,,,,,,
,,,,,,,,,,,,,,,,,,,,,,,,,,,,,,,,
,,,,,,,,,,,,,,,,,,,,,,,,,,,,,,,,
,,,,,,,,,,,,,,,,,,,,,,,,,,,,,,,,
,,,,,,,,,,,,,,,,,,,,,,,,,,,,,,,,
,,,,,,,,,,,,,,,,,,,,,,,,,,,,,,,,
,,,,,,,,,,,,,,,,,,,,,,,,,,,,,,,,
,,,,,,,,,,,,,,,,,,,,,,,,,,,,,,,,
,,,,,,,,,,,,,,,,,,,,,,,,,,,,,,,,
,,,,,,,,,,,,,,,,,,,,,,,,,,,,,,,,
,,,,,,,,,,,,,,,,,,,,,,,,,,,,,,,,
,,,,,,,,,,,,,,,,,,,,,,,,,,,,,,,,
,,,,,,,,,,,,,,,,,,,,,,,,,,,,,,,,
,,,,,,,,,,,,,,,,,,,,,,,,,,,,,,,,
,,,,,,,,,,,,,,,,,,,,,,,,,,,,,,,,
,,,,,,,,,,,,,,,,,,,,,,,,,,,,,,,,
,,,,,,,,,,,,,,,,,,,,,,,,,,,,,,,,
,,,,,,,,,,,,,,,,,,,,,,,,,,,,,,,,
,,,,,,,,,,,,,,,,,,,,,,,,,,,,,,,,
,,,,,,,,,,,,,,,,,,,,,,,,,,,,,,,,
,,,,,,,,,,,,,,,,,,,,,,,,,,,,,,,,
,,,,,,,,,,,,,,,,,,,,,,,,,,,,,,,,
,,,,,,,,,,,,,,,,,,,,,,,,,,,,,,,,
,,,,,,,,,,,,,,,,,,,,,,,,,,,,,,,,
,,,,,,,,,,,,,,,,,,,,,,,,,,,,,,,,
,,,,,,,,,,,,,,,,,,,,,,,,,,,,,,,,
,,,,,,,,,,,,,,,,,,,,,,,,,,,,,,,,
,,,,,,,,,,,,,,,,,,,,,,,,,,,,,,,,
,,,,,,,,,,,,,,,,,,,,,,,,,,,,,,,,
,,,,,,,,,,,,,,,,,,,,,,,,,,,,,,,,
,,,,,,,,,,,,,,,,,,,,,,,,,,,,,,,,
,,,,,,,,,,,,,,,,,,,,,,,,,,,,,,,,
,,,,,,,,,,,,,,,,,,,,,,,,,,,,,,,,
,,,,,,,,,,,,,,,,,,,,,,,,,,,,,,,,
,,,,,,,,,,,,,,,,,,,,,,,,,,,,,,,,
,,,,,,,,,,,,,,,,,,,,,,,,,,,,,,,,
,,,,,,,,,,,,,,,,,,,,,,,,,,,,,,,,
,,,,,,,,,,,,,,,,,,,,,,,,,,,,,,,,
,,,,,,,,,,,,,,,,,,,,,,,,,,,,,,,,
,,,,,,,,,,,,,,,,,,,,,,,,,,,,,,,,
,,,,,,,,,,,,,,,,,,,,,,,,,,,,,,,,
,,,,,,,,,,,,,,,,,,,,,,,,,,,,,,,,
,,,,,,,,,,,,,,,,,,,,,,,,,,,,,,,,
,,,,,,,,,,,,,,,,,,,,,,,,,,,,,,,,
,,,,,,,,,,,,,,,,,,,,,,,,,,,,,,,,
,,,,,,,,,,,,,,,,,,,,,,,,,,,,,,,,
,,,,,,,,,,,,,,,,,,,,,,,,,,,,,,,,
,,,,,,,,,,,,,,,,,,,,,,,,,,,,,,,,
,,,,,,,,,,,,,,,,,,,,,,,,,,,,,,,,
,,,,,,,,,,,,,,,,,,,,,,,,,,,,,,,,
,,,,,,,,,,,,,,,,,,,,,,,,,,,,,,,,
,,,,,,,,,,,,,,,,,,,,,,,,,,,,,,,,
,,,,,,,,,,,,,,,,,,,,,,,,,,,,,,,,
,,,,,,,,,,,,,,,,,,,,,,,,,,,,,,,,
,,,,,,,,,,,,,,,,,,,,,,,,,,,,,,,,
,,,,,,,,,,,,,,,,,,,,,,,,,,,,,,,,
,,,,,,,,,,,,,,,,,,,,,,,,,,,,,,,,
,,,,,,,,,,,,,,,,,,,,,,,,,,,,,,,,
,,,,,,,,,,,,,,,,,,,,,,,,,,,,,,,,
,,,,,,,,,,,,,,,,,,,,,,,,,,,,,,,,
,,,,,,,,,,,,,,,,,,,,,,,,,,,,,,,,
,,,,,,,,,,,,,,,,,,,,,,,,,,,,,,,,
,,,,,,,,,,,,,,,,,,,,,,,,,,,,,,,,
,,,,,,,,,,,,,,,,,,,,,,,,,,,,,,,,
,,,,,,,,,,,,,,,,,,,,,,,,,,,,,,,,
,,,,,,,,,,,,,,,,,,,,,,,,,,,,,,,,
,,,,,,,,,,,,,,,,,,,,,,,,,,,,,,,,
,,,,,,,,,,,,,,,,,,,,,,,,,,,,,,,,
,,,,,,,,,,,,,,,,,,,,,,,,,,,,,,,,
,,,,,,,,,,,,,,,,,,,,,,,,,,,,,,,,
,,,,,,,,,,,,,,,,,,,,,,,,,,,,,,,,
,,,,,,,,,,,,,,,,,,,,,,,,,,,,,,,,
,,,,,,,,,,,,,,,,,,,,,,,,,,,,,,,,
,,,,,,,,,,,,,,,,,,,,,,,,,,,,,,,,
,,,,,,,,,,,,,,,,,,,,,,,,,,,,,,,,
,,,,,,,,,,,,,,,,,,,,,,,,,,,,,,,,
,,,,,,,,,,,,,,,,,,,,,,,,,,,,,,,,
,,,,,,,,,,,,,,,,,,,,,,,,,,,,,,,,
,,,,,,,,,,,,,,,,,,,,,,,,,,,,,,,,
,,,,,,,,,,,,,,,,,,,,,,,,,,,,,,,,
,,,,,,,,,,,,,,,,,,,,,,,,,,,,,,,,
,,,,,,,,,,,,,,,,,,,,,,,,,,,,,,,,
,,,,,,,,,,,,,,,,,,,,,,,,,,,,,,,,
,,,,,,,,,,,,,,,,,,,,,,,,,,,,,,,,
,,,,,,,,,,,,,,,,,,,,,,,,,,,,,,,,
,,,,,,,,,,,,,,,,,,,,,,,,,,,,,,,,
,,,,,,,,,,,,,,,,,,,,,,,,,,,,,,,,
,,,,,,,,,,,,,,,,,,,,,,,,,,,,,,,,
,,,,,,,,,,,,,,,,,,,,,,,,,,,,,,,,
,,,,,,,,,,,,,,,,,,,,,,,,,,,,,,,,
,,,,,,,,,,,,,,,,,,,,,,,,,,,,,,,,
,,,,,,,,,,,,,,,,,,,,,,,,,,,,,,,,
,,,,,,,,,,,,,,,,,,,,,,,,,,,,,,,,
,,,,,,,,,,,,,,,,,,,,,,,,,,,,,,,,
,,,,,,,,,,,,,,,,,,,,,,,,,,,,,,,,
,,,,,,,,,,,,,,,,,,,,,,,,,,,,,,,,
,,,,,,,,,,,,,,,,,,,,,,,,,,,,,,,,
,,,,,,,,,,,,,,,,,,,,,,,,,,,,,,,,
,,,,,,,,,,,,,,,,,,,,,,,,,,,,,,,,
,,,,,,,,,,,,,,,,,,,,,,,,,,,,,,,,
,,,,,,,,,,,,,,,,,,,,,,,,,,,,,,,,
,,,,,,,,,,,,,,,,,,,,,,,,,,,,,,,,
,,,,,,,,,,,,,,,,,,,,,,,,,,,,,,,,
,,,,,,,,,,,,,,,,,,,,,,,,,,,,,,,,
,,,,,,,,,,,,,,,,,,,,,,,,,,,,,,,,
,,,,,,,,,,,,,,,,,,,,,,,,,,,,,,,,
,,,,,,,,,,,,,,,,,,,,,,,,,,,,,,,,
,,,,,,,,,,,,,,,,,,,,,,,,,,,,,,,,
,,,,,,,,,,,,,,,,,,,,,,,,,,,,,,,,
,,,,,,,,,,,,,,,,,,,,,,,,,,,,,,,,
,,,,,,,,,,,,,,,,,,,,,,,,,,,,,,,,
,,,,,,,,,,,,,,,,,,,,,,,,,,,,,,,,
,,,,,,,,,,,,,,,,,,,,,,,,,,,,,,,,
