년월일,호기,구분,총량,평균,최대,최소,최대(시간별),최소(시간별),01,02,03,04,05,06,07,08,09,10,11,12,13,14,15,16,17,18,19,20,21,22,23,24
2019.01.01,1,발전량,"1,039.000",43.000,226.000,0.000,226.000,4.000,0.000,0.000,0.000,0.000,0.000,0.000,5.000,22.000,57.000,117.000,159.000,0.000,211.000,226.000,126.000,92.000,20.000,4.000,0.000,0.000,0.000,0.000,0.000,0.000
2019.01.02,1,발전량,"1,177.000",49.000,235.000,0.000,235.000,4.000,0.000,0.000,0.000,0.000,0.000,0.000,4.000,22.000,58.000,122.000,176.000,229.000,235.000,176.000,120.000,31.000,4.000,0.000,0.000,0.000,0.000,0.000,0.000,0.000
2019.01.03,1,발전량,"1,155.000",48.000,230.000,0.000,230.000,2.000,0.000,0.000,0.000,0.000,0.000,0.000,2.000,20.000,62.000,122.000,172.000,230.000,229.000,169.000,114.000,30.000,5.000,0.000,0.000,0.000,0.000,0.000,0.000,0.000
2019.01.04,1,발전량,542.000,23.000,116.000,0.000,116.000,2.000,0.000,0.000,0.000,0.000,0.000,0.000,2.000,20.000,56.000,96.000,116.000,51.000,76.000,70.000,35.000,17.000,3.000,0.000,0.000,0.000,0.000,0.000,0.000,0.000
2019.01.05,1,발전량,851.000,35.000,180.000,0.000,180.000,2.000,0.000,0.000,0.000,0.000,0.000,0.000,2.000,22.000,46.000,93.000,131.000,98.000,180.000,149.000,94.000,31.000,5.000,0.000,0.000,0.000,0.000,0.000,0.000,0.000
2019.01.06,1,발전량,"1,147.000",48.000,233.000,0.000,233.000,4.000,0.000,0.000,0.000,0.000,0.000,0.000,4.000,21.000,50.000,112.000,172.000,227.000,233.000,171.000,116.000,37.000,4.000,0.000,0.000,0.000,0.000,0.000,0.000,0.000
2019.01.07,1,발전량,"1,007.000",42.000,203.000,0.000,203.000,3.000,0.000,0.000,0.000,0.000,0.000,0.000,3.000,24.000,59.000,100.000,147.000,189.000,203.000,147.000,93.000,36.000,6.000,0.000,0.000,0.000,0.000,0.000,0.000,0.000
2019.01.08,1,발전량,"1,047.000",44.000,208.000,0.000,208.000,4.000,0.000,0.000,0.000,0.000,0.000,0.000,4.000,21.000,60.000,109.000,159.000,203.000,208.000,136.000,106.000,36.000,5.000,0.000,0.000,0.000,0.000,0.000,0.000,0.000
2019.01.09,1,발전량,814.000,34.000,184.000,0.000,184.000,3.000,0.000,0.000,0.000,0.000,0.000,0.000,3.000,32.000,60.000,117.000,160.000,184.000,106.000,66.000,49.000,34.000,3.000,0.000,0.000,0.000,0.000,0.000,0.000,0.000
2019.01.10,1,발전량,"1,121.000",47.000,228.000,0.000,228.000,3.000,0.000,0.000,0.000,0.000,0.000,0.000,3.000,19.000,45.000,106.000,171.000,216.000,228.000,171.000,117.000,40.000,5.000,0.000,0.000,0.000,0.000,0.000,0.000,0.000
2019.01.11,1,발전량,"1,000.000",42.000,203.000,0.000,203.000,3.000,0.000,0.000,0.000,0.000,0.000,0.000,3.000,20.000,44.000,110.000,147.000,203.000,201.000,148.000,91.000,29.000,4.000,0.000,0.000,0.000,0.000,0.000,0.000,0.000
2019.01.12,1,발전량,618.000,26.000,144.000,0.000,144.000,2.000,0.000,0.000,0.000,0.000,0.000,0.000,2.000,10.000,31.000,53.000,50.000,50.000,144.000,123.000,104.000,44.000,7.000,0.000,0.000,0.000,0.000,0.000,0.000,0.000
2019.01.13,1,발전량,"1,107.000",46.000,214.000,0.000,214.000,3.000,0.000,0.000,0.000,0.000,0.000,0.000,3.000,24.000,61.000,113.000,153.000,206.000,214.000,170.000,115.000,43.000,5.000,0.000,0.000,0.000,0.000,0.000,0.000,0.000
2019.01.14,1,발전량,"1,019.000",42.000,207.000,0.000,207.000,5.000,0.000,0.000,0.000,0.000,0.000,0.000,5.000,24.000,62.000,112.000,158.000,207.000,168.000,155.000,94.000,26.000,8.000,0.000,0.000,0.000,0.000,0.000,0.000,0.000
2019.01.15,1,발전량,953.000,40.000,187.000,0.000,187.000,3.000,0.000,0.000,0.000,0.000,0.000,0.000,3.000,25.000,57.000,98.000,145.000,187.000,181.000,133.000,84.000,33.000,7.000,0.000,0.000,0.000,0.000,0.000,0.000,0.000
2019.01.16,1,발전량,"1,244.000",52.000,238.000,0.000,238.000,3.000,0.000,0.000,0.000,0.000,0.000,0.000,3.000,23.000,67.000,115.000,175.000,236.000,238.000,192.000,132.000,56.000,7.000,0.000,0.000,0.000,0.000,0.000,0.000,0.000
2019.01.17,1,발전량,"1,217.000",51.000,238.000,0.000,238.000,3.000,0.000,0.000,0.000,0.000,0.000,0.000,3.000,22.000,66.000,117.000,169.000,230.000,238.000,175.000,122.000,66.000,9.000,0.000,0.000,0.000,0.000,0.000,0.000,0.000
2019.01.18,1,발전량,"1,209.000",50.000,232.000,0.000,232.000,4.000,0.000,0.000,0.000,0.000,0.000,0.000,4.000,23.000,62.000,116.000,167.000,229.000,232.000,186.000,128.000,55.000,7.000,0.000,0.000,0.000,0.000,0.000,0.000,0.000
2019.01.19,1,발전량,759.000,32.000,199.000,0.000,199.000,3.000,0.000,0.000,0.000,0.000,0.000,0.000,5.000,30.000,53.000,114.000,158.000,199.000,144.000,31.000,15.000,7.000,3.000,0.000,0.000,0.000,0.000,0.000,0.000,0.000
2019.01.20,1,발전량,"1,251.000",52.000,244.000,0.000,244.000,3.000,0.000,0.000,0.000,0.000,0.000,0.000,3.000,25.000,61.000,110.000,169.000,241.000,244.000,198.000,130.000,61.000,9.000,0.000,0.000,0.000,0.000,0.000,0.000,0.000
2019.01.21,1,발전량,"1,264.000",53.000,238.000,0.000,238.000,4.000,0.000,0.000,0.000,0.000,0.000,0.000,4.000,23.000,64.000,120.000,169.000,238.000,236.000,201.000,135.000,64.000,10.000,0.000,0.000,0.000,0.000,0.000,0.000,0.000
2019.01.22,1,발전량,"1,188.000",50.000,229.000,0.000,229.000,2.000,0.000,0.000,0.000,0.000,0.000,0.000,2.000,27.000,64.000,115.000,162.000,229.000,226.000,184.000,116.000,54.000,9.000,0.000,0.000,0.000,0.000,0.000,0.000,0.000
2019.01.23,1,발전량,"1,120.000",47.000,210.000,0.000,210.000,3.000,0.000,0.000,0.000,0.000,0.000,0.000,3.000,28.000,61.000,109.000,154.000,210.000,210.000,175.000,108.000,52.000,10.000,0.000,0.000,0.000,0.000,0.000,0.000,0.000
2019.01.24,1,발전량,"1,244.000",52.000,233.000,0.000,233.000,5.000,0.000,0.000,0.000,0.000,0.000,0.000,5.000,25.000,64.000,118.000,165.000,233.000,232.000,197.000,128.000,67.000,10.000,0.000,0.000,0.000,0.000,0.000,0.000,0.000
2019.01.25,1,발전량,677.000,28.000,118.000,0.000,118.000,3.000,0.000,0.000,0.000,0.000,0.000,0.000,3.000,22.000,39.000,88.000,107.000,118.000,75.000,75.000,78.000,60.000,12.000,0.000,0.000,0.000,0.000,0.000,0.000,0.000
2019.01.26,1,발전량,"1,329.000",55.000,245.000,0.000,245.000,5.000,0.000,0.000,0.000,0.000,0.000,0.000,5.000,26.000,67.000,121.000,176.000,245.000,242.000,210.000,146.000,79.000,12.000,0.000,0.000,0.000,0.000,0.000,0.000,0.000
2019.01.27,1,발전량,"1,304.000",54.000,237.000,0.000,237.000,6.000,0.000,0.000,0.000,0.000,0.000,0.000,6.000,28.000,67.000,122.000,171.000,237.000,234.000,208.000,143.000,76.000,12.000,0.000,0.000,0.000,0.000,0.000,0.000,0.000
2019.01.28,1,발전량,"1,067.000",44.000,181.000,0.000,181.000,5.000,0.000,0.000,0.000,0.000,0.000,0.000,5.000,28.000,50.000,92.000,175.000,181.000,177.000,172.000,116.000,60.000,11.000,0.000,0.000,0.000,0.000,0.000,0.000,0.000
2019.01.29,1,발전량,"1,242.000",52.000,236.000,0.000,236.000,1.000,0.000,0.000,0.000,0.000,0.000,0.000,5.000,29.000,65.000,109.000,156.000,227.000,236.000,198.000,132.000,72.000,12.000,1.000,0.000,0.000,0.000,0.000,0.000,0.000
2019.01.30,1,발전량,897.000,37.000,208.000,0.000,208.000,4.000,0.000,0.000,0.000,0.000,0.000,0.000,4.000,24.000,55.000,73.000,128.000,208.000,173.000,109.000,56.000,57.000,10.000,0.000,0.000,0.000,0.000,0.000,0.000,0.000
2019.01.31,1,발전량,198.000,8.000,51.000,0.000,51.000,7.000,0.000,0.000,0.000,0.000,0.000,0.000,7.000,12.000,12.000,14.000,16.000,18.000,18.000,37.000,51.000,13.000,0.000,0.000,0.000,0.000,0.000,0.000,0.000,0.000
2019.02.01,1,발전량,"1,339.000",56.000,240.000,0.000,240.000,6.000,0.000,0.000,0.000,0.000,0.000,0.000,6.000,29.000,65.000,118.000,169.000,234.000,240.000,220.000,151.000,91.000,16.000,0.000,0.000,0.000,0.000,0.000,0.000,0.000
2019.02.02,1,발전량,"1,280.000",53.000,235.000,0.000,235.000,6.000,0.000,0.000,0.000,0.000,0.000,0.000,6.000,33.000,67.000,117.000,169.000,232.000,235.000,204.000,134.000,72.000,11.000,0.000,0.000,0.000,0.000,0.000,0.000,0.000
2019.02.03,1,발전량,281.000,12.000,75.000,0.000,75.000,6.000,0.000,0.000,0.000,0.000,0.000,0.000,6.000,15.000,37.000,75.000,59.000,14.000,29.000,23.000,14.000,9.000,0.000,0.000,0.000,0.000,0.000,0.000,0.000,0.000
2019.02.04,1,발전량,"1,315.000",55.000,240.000,0.000,240.000,6.000,0.000,0.000,0.000,0.000,0.000,6.000,34.000,73.000,123.000,175.000,235.000,240.000,202.000,149.000,64.000,14.000,0.000,0.000,0.000,0.000,0.000,0.000,0.000,0.000
2019.02.05,1,발전량,"1,316.000",55.000,238.000,0.000,238.000,8.000,0.000,0.000,0.000,0.000,0.000,0.000,8.000,34.000,70.000,118.000,170.000,229.000,238.000,210.000,149.000,76.000,14.000,0.000,0.000,0.000,0.000,0.000,0.000,0.000
2019.02.06,1,발전량,"1,199.000",50.000,229.000,0.000,229.000,6.000,0.000,0.000,0.000,0.000,0.000,0.000,6.000,36.000,68.000,117.000,148.000,213.000,229.000,194.000,124.000,51.000,13.000,0.000,0.000,0.000,0.000,0.000,0.000,0.000
2019.02.07,1,발전량,843.000,35.000,162.000,0.000,162.000,2.000,0.000,0.000,0.000,0.000,0.000,0.000,2.000,22.000,68.000,116.000,160.000,162.000,136.000,71.000,46.000,41.000,19.000,0.000,0.000,0.000,0.000,0.000,0.000,0.000
2019.02.08,1,발전량,"1,340.000",56.000,240.000,0.000,240.000,5.000,0.000,0.000,0.000,0.000,0.000,0.000,5.000,27.000,67.000,112.000,181.000,232.000,240.000,218.000,154.000,86.000,18.000,0.000,0.000,0.000,0.000,0.000,0.000,0.000
2019.02.09,1,발전량,"1,307.000",54.000,226.000,0.000,226.000,7.000,0.000,0.000,0.000,0.000,0.000,0.000,7.000,27.000,65.000,117.000,173.000,217.000,226.000,219.000,148.000,84.000,24.000,0.000,0.000,0.000,0.000,0.000,0.000,0.000
2019.02.10,1,발전량,894.000,37.000,166.000,0.000,166.000,1.000,0.000,0.000,0.000,0.000,0.000,0.000,10.000,41.000,71.000,94.000,127.000,127.000,166.000,143.000,72.000,27.000,15.000,1.000,0.000,0.000,0.000,0.000,0.000,0.000
2019.02.11,1,발전량,"1,453.000",61.000,255.000,0.000,255.000,1.000,0.000,0.000,0.000,0.000,0.000,0.000,7.000,40.000,75.000,127.000,190.000,255.000,250.000,228.000,172.000,84.000,24.000,1.000,0.000,0.000,0.000,0.000,0.000,0.000
2019.02.12,1,발전량,"1,343.000",56.000,244.000,0.000,244.000,8.000,0.000,0.000,0.000,0.000,0.000,0.000,8.000,40.000,74.000,121.000,177.000,230.000,244.000,220.000,148.000,63.000,18.000,0.000,0.000,0.000,0.000,0.000,0.000,0.000
2019.02.13,1,발전량,"1,340.000",56.000,238.000,0.000,238.000,1.000,0.000,0.000,0.000,0.000,0.000,0.000,8.000,40.000,74.000,119.000,173.000,230.000,238.000,213.000,143.000,82.000,19.000,1.000,0.000,0.000,0.000,0.000,0.000,0.000
2019.02.14,1,발전량,"1,141.000",48.000,190.000,0.000,190.000,1.000,0.000,0.000,0.000,0.000,0.000,0.000,4.000,29.000,59.000,114.000,173.000,170.000,136.000,190.000,151.000,90.000,24.000,1.000,0.000,0.000,0.000,0.000,0.000,0.000
2019.02.15,1,발전량,894.000,37.000,180.000,0.000,180.000,1.000,0.000,0.000,0.000,0.000,0.000,0.000,3.000,23.000,43.000,61.000,122.000,120.000,173.000,180.000,99.000,50.000,19.000,1.000,0.000,0.000,0.000,0.000,0.000,0.000
2019.02.16,1,발전량,"1,350.000",56.000,248.000,0.000,248.000,1.000,0.000,0.000,0.000,0.000,0.000,0.000,10.000,46.000,80.000,123.000,188.000,248.000,221.000,198.000,144.000,74.000,17.000,1.000,0.000,0.000,0.000,0.000,0.000,0.000
2019.02.17,1,발전량,"1,517.000",63.000,271.000,0.000,271.000,2.000,0.000,0.000,0.000,0.000,0.000,0.000,12.000,48.000,80.000,125.000,189.000,255.000,271.000,232.000,169.000,105.000,29.000,2.000,0.000,0.000,0.000,0.000,0.000,0.000
2019.02.18,1,발전량,612.000,26.000,121.000,0.000,121.000,1.000,0.000,0.000,0.000,0.000,0.000,0.000,7.000,32.000,58.000,89.000,121.000,75.000,109.000,59.000,32.000,20.000,9.000,1.000,0.000,0.000,0.000,0.000,0.000,0.000
2019.02.19,1,발전량,385.000,16.000,87.000,0.000,87.000,1.000,0.000,0.000,0.000,0.000,0.000,0.000,1.000,7.000,17.000,22.000,42.000,87.000,77.000,68.000,30.000,27.000,6.000,1.000,0.000,0.000,0.000,0.000,0.000,0.000
2019.02.20,1,발전량,"1,510.000",63.000,276.000,0.000,276.000,2.000,0.000,0.000,0.000,0.000,0.000,0.000,12.000,51.000,87.000,135.000,202.000,262.000,276.000,211.000,151.000,95.000,26.000,2.000,0.000,0.000,0.000,0.000,0.000,0.000
2019.02.21,1,발전량,"1,211.000",50.000,206.000,0.000,206.000,2.000,0.000,0.000,0.000,0.000,0.000,0.000,14.000,50.000,89.000,130.000,143.000,192.000,206.000,174.000,127.000,66.000,18.000,2.000,0.000,0.000,0.000,0.000,0.000,0.000
2019.02.22,1,발전량,904.000,38.000,166.000,0.000,166.000,1.000,0.000,0.000,0.000,0.000,0.000,0.000,13.000,44.000,71.000,114.000,166.000,159.000,121.000,77.000,65.000,53.000,20.000,1.000,0.000,0.000,0.000,0.000,0.000,0.000
2019.02.23,1,발전량,"1,432.000",60.000,250.000,0.000,250.000,2.000,0.000,0.000,0.000,0.000,0.000,0.000,15.000,55.000,90.000,127.000,198.000,215.000,250.000,201.000,161.000,89.000,29.000,2.000,0.000,0.000,0.000,0.000,0.000,0.000
2019.02.24,1,발전량,"1,510.000",63.000,269.000,0.000,269.000,2.000,0.000,0.000,0.000,0.000,0.000,0.000,18.000,49.000,91.000,124.000,191.000,246.000,269.000,221.000,170.000,97.000,32.000,2.000,0.000,0.000,0.000,0.000,0.000,0.000
2019.02.25,1,발전량,"1,471.000",61.000,262.000,0.000,262.000,2.000,0.000,0.000,0.000,0.000,0.000,16.000,57.000,90.000,124.000,186.000,237.000,262.000,215.000,162.000,94.000,26.000,2.000,0.000,0.000,0.000,0.000,0.000,0.000,0.000
2019.02.26,1,발전량,"1,492.000",62.000,266.000,0.000,266.000,17.000,0.000,0.000,0.000,0.000,0.000,0.000,17.000,55.000,94.000,118.000,192.000,245.000,266.000,208.000,167.000,95.000,35.000,0.000,0.000,0.000,0.000,0.000,0.000,0.000
2019.02.27,1,발전량,853.000,36.000,176.000,0.000,176.000,1.000,0.000,0.000,0.000,0.000,0.000,0.000,9.000,33.000,44.000,83.000,139.000,176.000,152.000,87.000,68.000,48.000,13.000,1.000,0.000,0.000,0.000,0.000,0.000,0.000
2019.02.28,1,발전량,"1,280.000",53.000,229.000,0.000,229.000,17.000,0.000,0.000,0.000,0.000,0.000,0.000,17.000,54.000,92.000,125.000,187.000,202.000,229.000,196.000,104.000,51.000,23.000,0.000,0.000,0.000,0.000,0.000,0.000,0.000
2019.03.01,1,발전량,"1,467.000",61.000,260.000,0.000,260.000,2.000,0.000,0.000,0.000,0.000,0.000,2.000,19.000,56.000,92.000,127.000,191.000,238.000,260.000,212.000,154.000,85.000,29.000,2.000,0.000,0.000,0.000,0.000,0.000,0.000
2019.03.02,1,발전량,"1,121.000",47.000,200.000,0.000,200.000,1.000,0.000,0.000,0.000,0.000,0.000,1.000,19.000,55.000,92.000,114.000,160.000,200.000,153.000,109.000,106.000,86.000,24.000,2.000,0.000,0.000,0.000,0.000,0.000,0.000
2019.03.03,1,발전량,903.000,38.000,149.000,0.000,149.000,13.000,0.000,0.000,0.000,0.000,0.000,0.000,16.000,49.000,92.000,104.000,132.000,149.000,138.000,112.000,63.000,35.000,13.000,0.000,0.000,0.000,0.000,0.000,0.000,0.000
2019.03.04,1,발전량,"1,339.000",56.000,251.000,0.000,251.000,1.000,0.000,0.000,0.000,0.000,0.000,1.000,19.000,49.000,76.000,128.000,187.000,225.000,251.000,188.000,130.000,54.000,27.000,4.000,0.000,0.000,0.000,0.000,0.000,0.000
2019.03.05,1,발전량,"1,005.000",42.000,164.000,0.000,164.000,1.000,0.000,0.000,0.000,0.000,0.000,2.000,20.000,53.000,99.000,127.000,148.000,155.000,164.000,98.000,77.000,42.000,19.000,1.000,0.000,0.000,0.000,0.000,0.000,0.000
2019.03.06,1,발전량,990.000,41.000,231.000,0.000,231.000,1.000,0.000,0.000,0.000,0.000,0.000,1.000,7.000,22.000,33.000,34.000,53.000,157.000,231.000,202.000,152.000,73.000,22.000,3.000,0.000,0.000,0.000,0.000,0.000,0.000
2019.03.07,1,발전량,"1,482.000",62.000,234.000,0.000,234.000,6.000,0.000,0.000,0.000,0.000,0.000,0.000,21.000,57.000,105.000,158.000,192.000,226.000,234.000,195.000,168.000,73.000,47.000,6.000,0.000,0.000,0.000,0.000,0.000,0.000
2019.03.08,1,발전량,"1,620.000",68.000,285.000,0.000,285.000,4.000,0.000,0.000,0.000,0.000,0.000,0.000,23.000,68.000,98.000,126.000,194.000,261.000,285.000,232.000,184.000,107.000,38.000,4.000,0.000,0.000,0.000,0.000,0.000,0.000
2019.03.09,1,발전량,"1,362.000",57.000,244.000,0.000,244.000,2.000,0.000,0.000,0.000,0.000,0.000,2.000,33.000,73.000,95.000,125.000,154.000,192.000,244.000,184.000,145.000,88.000,23.000,4.000,0.000,0.000,0.000,0.000,0.000,0.000
2019.03.10,1,발전량,297.000,12.000,39.000,0.000,39.000,1.000,0.000,0.000,0.000,0.000,0.000,0.000,5.000,16.000,26.000,27.000,39.000,25.000,35.000,32.000,37.000,38.000,16.000,1.000,0.000,0.000,0.000,0.000,0.000,0.000
2019.03.11,1,발전량,"1,285.000",54.000,241.000,0.000,241.000,2.000,0.000,0.000,0.000,0.000,0.000,2.000,22.000,46.000,96.000,125.000,192.000,241.000,180.000,185.000,118.000,51.000,24.000,3.000,0.000,0.000,0.000,0.000,0.000,0.000
2019.03.12,1,발전량,"1,251.000",52.000,263.000,0.000,263.000,1.000,0.000,0.000,0.000,0.000,0.000,1.000,30.000,78.000,105.000,133.000,197.000,245.000,263.000,93.000,47.000,31.000,24.000,4.000,0.000,0.000,0.000,0.000,0.000,0.000
2019.03.13,1,발전량,"1,601.000",67.000,251.000,0.000,251.000,3.000,0.000,0.000,0.000,0.000,0.000,3.000,33.000,87.000,106.000,128.000,204.000,169.000,232.000,251.000,202.000,127.000,52.000,7.000,0.000,0.000,0.000,0.000,0.000,0.000
2019.03.14,1,발전량,"1,710.000",71.000,294.000,0.000,294.000,3.000,0.000,0.000,0.000,0.000,0.000,3.000,34.000,84.000,108.000,132.000,203.000,264.000,294.000,241.000,186.000,113.000,43.000,5.000,0.000,0.000,0.000,0.000,0.000,0.000
2019.03.15,1,발전량,"1,080.000",45.000,233.000,0.000,233.000,2.000,0.000,0.000,0.000,0.000,0.000,2.000,8.000,28.000,73.000,142.000,207.000,233.000,155.000,28.000,59.000,104.000,38.000,3.000,0.000,0.000,0.000,0.000,0.000,0.000
2019.03.16,1,발전량,"1,637.000",68.000,274.000,0.000,274.000,4.000,0.000,0.000,0.000,0.000,0.000,4.000,36.000,86.000,109.000,131.000,197.000,254.000,274.000,223.000,173.000,101.000,42.000,7.000,0.000,0.000,0.000,0.000,0.000,0.000
2019.03.17,1,발전량,"1,745.000",73.000,293.000,0.000,293.000,3.000,0.000,0.000,0.000,0.000,0.000,3.000,37.000,90.000,111.000,129.000,209.000,270.000,293.000,241.000,190.000,119.000,46.000,7.000,0.000,0.000,0.000,0.000,0.000,0.000
2019.03.18,1,발전량,"1,173.000",49.000,202.000,0.000,202.000,3.000,0.000,0.000,0.000,0.000,0.000,3.000,35.000,70.000,101.000,128.000,194.000,202.000,145.000,132.000,67.000,60.000,31.000,5.000,0.000,0.000,0.000,0.000,0.000,0.000
2019.03.19,1,발전량,"1,522.000",63.000,253.000,0.000,253.000,2.000,0.000,0.000,0.000,0.000,0.000,2.000,39.000,81.000,108.000,125.000,191.000,236.000,253.000,206.000,152.000,87.000,36.000,6.000,0.000,0.000,0.000,0.000,0.000,0.000
2019.03.20,1,발전량,652.000,27.000,122.000,0.000,122.000,3.000,0.000,0.000,0.000,0.000,0.000,5.000,29.000,59.000,78.000,95.000,122.000,85.000,63.000,69.000,22.000,17.000,5.000,3.000,0.000,0.000,0.000,0.000,0.000,0.000
2019.03.21,1,발전량,"1,424.000",59.000,247.000,0.000,247.000,4.000,0.000,0.000,0.000,0.000,0.000,4.000,41.000,91.000,113.000,133.000,185.000,228.000,247.000,157.000,130.000,60.000,29.000,6.000,0.000,0.000,0.000,0.000,0.000,0.000
2019.03.22,1,발전량,"1,878.000",78.000,309.000,0.000,309.000,3.000,0.000,0.000,0.000,0.000,0.000,3.000,40.000,113.000,123.000,138.000,220.000,289.000,309.000,255.000,203.000,127.000,51.000,7.000,0.000,0.000,0.000,0.000,0.000,0.000
2019.03.23,1,발전량,"1,531.000",64.000,278.000,0.000,278.000,4.000,0.000,0.000,0.000,0.000,0.000,4.000,40.000,87.000,123.000,134.000,216.000,278.000,253.000,176.000,122.000,45.000,43.000,10.000,0.000,0.000,0.000,0.000,0.000,0.000
2019.03.24,1,발전량,"1,897.000",79.000,309.000,0.000,309.000,6.000,0.000,0.000,0.000,0.000,0.000,6.000,57.000,112.000,121.000,135.000,214.000,287.000,309.000,254.000,206.000,130.000,56.000,10.000,0.000,0.000,0.000,0.000,0.000,0.000
2019.03.25,1,발전량,"1,289.000",54.000,200.000,0.000,200.000,6.000,0.000,0.000,0.000,0.000,0.000,6.000,34.000,75.000,101.000,138.000,181.000,198.000,200.000,139.000,99.000,69.000,39.000,10.000,0.000,0.000,0.000,0.000,0.000,0.000
2019.03.26,1,발전량,"1,780.000",74.000,301.000,0.000,301.000,5.000,0.000,0.000,0.000,0.000,0.000,5.000,44.000,97.000,119.000,137.000,206.000,263.000,301.000,242.000,190.000,120.000,49.000,7.000,0.000,0.000,0.000,0.000,0.000,0.000
2019.03.27,1,발전량,"1,726.000",72.000,288.000,0.000,288.000,7.000,0.000,0.000,0.000,0.000,0.000,7.000,41.000,96.000,122.000,139.000,200.000,257.000,288.000,233.000,184.000,109.000,42.000,8.000,0.000,0.000,0.000,0.000,0.000,0.000
2019.03.28,1,발전량,"1,500.000",63.000,228.000,0.000,228.000,5.000,0.000,0.000,0.000,0.000,0.000,5.000,31.000,73.000,118.000,142.000,197.000,208.000,228.000,214.000,158.000,81.000,38.000,7.000,0.000,0.000,0.000,0.000,0.000,0.000
2019.03.29,1,발전량,"1,567.000",65.000,247.000,0.000,247.000,6.000,0.000,0.000,0.000,0.000,0.000,6.000,21.000,63.000,129.000,140.000,192.000,233.000,247.000,217.000,167.000,102.000,42.000,8.000,0.000,0.000,0.000,0.000,0.000,0.000
2019.03.30,1,발전량,"1,546.000",64.000,216.000,0.000,216.000,2.000,0.000,0.000,0.000,0.000,0.000,2.000,27.000,82.000,125.000,141.000,205.000,201.000,216.000,193.000,182.000,119.000,45.000,8.000,0.000,0.000,0.000,0.000,0.000,0.000
2019.03.31,1,발전량,"1,999.000",83.000,308.000,0.000,308.000,9.000,0.000,0.000,0.000,0.000,0.000,9.000,58.000,123.000,132.000,149.000,226.000,308.000,306.000,270.000,207.000,139.000,61.000,11.000,0.000,0.000,0.000,0.000,0.000,0.000
2019.04.01,1,발전량,"1,702.000",71.000,303.000,0.000,303.000,8.000,0.000,0.000,0.000,0.000,0.000,8.000,64.000,130.000,130.000,148.000,227.000,303.000,269.000,179.000,128.000,74.000,32.000,10.000,0.000,0.000,0.000,0.000,0.000,0.000
2019.04.02,1,발전량,"1,908.000",80.000,296.000,0.000,296.000,10.000,0.000,0.000,0.000,0.000,0.000,10.000,65.000,131.000,131.000,147.000,220.000,296.000,292.000,256.000,186.000,115.000,49.000,10.000,0.000,0.000,0.000,0.000,0.000,0.000
2019.04.03,1,발전량,"1,902.000",79.000,293.000,0.000,293.000,9.000,0.000,0.000,0.000,0.000,0.000,9.000,67.000,128.000,129.000,144.000,221.000,293.000,291.000,258.000,187.000,113.000,50.000,12.000,0.000,0.000,0.000,0.000,0.000,0.000
2019.04.04,1,발전량,"1,879.000",78.000,294.000,0.000,294.000,10.000,0.000,0.000,0.000,0.000,0.000,10.000,65.000,129.000,128.000,145.000,216.000,294.000,290.000,256.000,184.000,108.000,43.000,11.000,0.000,0.000,0.000,0.000,0.000,0.000
2019.04.05,1,발전량,"1,677.000",70.000,259.000,0.000,259.000,12.000,0.000,0.000,0.000,0.000,0.000,12.000,52.000,103.000,132.000,152.000,211.000,259.000,253.000,215.000,145.000,87.000,44.000,12.000,0.000,0.000,0.000,0.000,0.000,0.000
2019.04.06,1,발전량,"1,811.000",75.000,281.000,0.000,281.000,1.000,0.000,0.000,0.000,0.000,0.000,12.000,66.000,128.000,129.000,146.000,212.000,281.000,274.000,231.000,176.000,100.000,45.000,10.000,1.000,0.000,0.000,0.000,0.000,0.000
2019.04.07,1,발전량,583.000,24.000,173.000,0.000,173.000,1.000,0.000,0.000,0.000,0.000,0.000,5.000,18.000,28.000,43.000,110.000,173.000,124.000,54.000,8.000,5.000,5.000,9.000,1.000,0.000,0.000,0.000,0.000,0.000,0.000
2019.04.08,1,발전량,"1,665.000",69.000,256.000,0.000,256.000,10.000,0.000,0.000,0.000,0.000,0.000,10.000,40.000,101.000,135.000,153.000,211.000,256.000,243.000,207.000,154.000,95.000,47.000,13.000,0.000,0.000,0.000,0.000,0.000,0.000
2019.04.09,1,발전량,"1,066.000",44.000,210.000,0.000,210.000,1.000,0.000,0.000,0.000,0.000,0.000,9.000,48.000,97.000,98.000,167.000,203.000,210.000,128.000,40.000,30.000,25.000,10.000,1.000,0.000,0.000,0.000,0.000,0.000,0.000
2019.04.10,1,발전량,672.000,28.000,128.000,0.000,128.000,6.000,0.000,0.000,0.000,0.000,0.000,6.000,18.000,33.000,41.000,49.000,67.000,89.000,99.000,128.000,80.000,40.000,14.000,8.000,0.000,0.000,0.000,0.000,0.000,0.000
2019.04.11,1,발전량,"1,300.000",54.000,183.000,0.000,183.000,2.000,0.000,0.000,0.000,0.000,2.000,16.000,78.000,126.000,119.000,146.000,146.000,183.000,118.000,130.000,100.000,77.000,43.000,16.000,0.000,0.000,0.000,0.000,0.000,0.000
2019.04.12,1,발전량,"1,761.000",73.000,296.000,0.000,296.000,13.000,0.000,0.000,0.000,0.000,0.000,16.000,70.000,136.000,148.000,165.000,242.000,296.000,233.000,179.000,120.000,95.000,48.000,13.000,0.000,0.000,0.000,0.000,0.000,0.000
2019.04.13,1,발전량,"1,435.000",60.000,242.000,0.000,242.000,12.000,0.000,0.000,0.000,0.000,0.000,16.000,50.000,91.000,129.000,124.000,119.000,121.000,188.000,242.000,183.000,110.000,50.000,12.000,0.000,0.000,0.000,0.000,0.000,0.000
2019.04.14,1,발전량,793.000,33.000,131.000,0.000,131.000,1.000,0.000,0.000,0.000,0.000,1.000,10.000,25.000,48.000,77.000,104.000,60.000,34.000,45.000,105.000,131.000,86.000,54.000,13.000,0.000,0.000,0.000,0.000,0.000,0.000
2019.04.15,1,발전량,"1,968.000",82.000,287.000,0.000,287.000,13.000,0.000,0.000,0.000,0.000,0.000,18.000,86.000,155.000,155.000,173.000,235.000,287.000,273.000,237.000,176.000,109.000,51.000,13.000,0.000,0.000,0.000,0.000,0.000,0.000
2019.04.16,1,발전량,"1,706.000",71.000,239.000,0.000,239.000,1.000,0.000,0.000,0.000,0.000,1.000,22.000,76.000,147.000,154.000,166.000,239.000,236.000,219.000,204.000,101.000,93.000,36.000,12.000,0.000,0.000,0.000,0.000,0.000,0.000
2019.04.17,1,발전량,"1,614.000",67.000,263.000,0.000,263.000,1.000,0.000,0.000,0.000,0.000,1.000,13.000,24.000,36.000,116.000,143.000,220.000,263.000,226.000,228.000,172.000,109.000,50.000,13.000,0.000,0.000,0.000,0.000,0.000,0.000
2019.04.18,1,발전량,"1,978.000",82.000,299.000,0.000,299.000,2.000,0.000,0.000,0.000,0.000,2.000,15.000,71.000,135.000,161.000,183.000,247.000,299.000,283.000,242.000,172.000,104.000,50.000,14.000,0.000,0.000,0.000,0.000,0.000,0.000
2019.04.19,1,발전량,482.000,20.000,77.000,0.000,77.000,7.000,0.000,0.000,0.000,0.000,0.000,20.000,42.000,77.000,39.000,30.000,43.000,41.000,36.000,39.000,54.000,36.000,18.000,7.000,0.000,0.000,0.000,0.000,0.000,0.000
2019.04.20,1,발전량,"1,947.000",81.000,289.000,0.000,289.000,1.000,0.000,0.000,0.000,0.000,1.000,21.000,73.000,143.000,159.000,187.000,240.000,289.000,269.000,234.000,168.000,101.000,46.000,14.000,2.000,0.000,0.000,0.000,0.000,0.000
2019.04.21,1,발전량,"1,280.000",53.000,228.000,0.000,228.000,8.000,0.000,0.000,0.000,0.000,0.000,21.000,56.000,119.000,71.000,93.000,125.000,228.000,185.000,175.000,97.000,74.000,28.000,8.000,0.000,0.000,0.000,0.000,0.000,0.000
2019.04.22,1,발전량,"1,736.000",72.000,252.000,0.000,252.000,1.000,0.000,0.000,0.000,0.000,1.000,20.000,72.000,132.000,157.000,185.000,218.000,199.000,252.000,213.000,142.000,86.000,45.000,14.000,0.000,0.000,0.000,0.000,0.000,0.000
2019.04.23,1,발전량,510.000,21.000,75.000,0.000,75.000,1.000,0.000,0.000,0.000,0.000,1.000,18.000,44.000,75.000,66.000,67.000,52.000,49.000,43.000,37.000,26.000,19.000,9.000,4.000,0.000,0.000,0.000,0.000,0.000,0.000
2019.04.24,1,발전량,846.000,35.000,130.000,0.000,130.000,1.000,0.000,0.000,0.000,0.000,1.000,8.000,18.000,40.000,82.000,85.000,105.000,130.000,107.000,82.000,85.000,71.000,20.000,12.000,0.000,0.000,0.000,0.000,0.000,0.000
2019.04.25,1,발전량,378.000,16.000,55.000,0.000,55.000,1.000,0.000,0.000,0.000,0.000,0.000,6.000,12.000,19.000,28.000,31.000,45.000,44.000,44.000,55.000,35.000,31.000,18.000,9.000,1.000,0.000,0.000,0.000,0.000,0.000
2019.04.26,1,발전량,658.000,27.000,130.000,0.000,130.000,8.000,0.000,0.000,0.000,0.000,0.000,10.000,31.000,56.000,72.000,88.000,130.000,82.000,69.000,51.000,25.000,18.000,18.000,8.000,0.000,0.000,0.000,0.000,0.000,0.000
2019.04.27,1,발전량,"1,948.000",81.000,270.000,0.000,270.000,4.000,0.000,0.000,0.000,0.000,4.000,23.000,101.000,163.000,187.000,182.000,257.000,255.000,270.000,189.000,169.000,94.000,41.000,13.000,0.000,0.000,0.000,0.000,0.000,0.000
2019.04.28,1,발전량,"1,281.000",53.000,269.000,0.000,269.000,2.000,0.000,0.000,0.000,0.000,3.000,14.000,29.000,35.000,29.000,57.000,114.000,146.000,269.000,228.000,184.000,109.000,45.000,17.000,2.000,0.000,0.000,0.000,0.000,0.000
2019.04.29,1,발전량,240.000,10.000,29.000,0.000,29.000,5.000,0.000,0.000,0.000,0.000,0.000,6.000,15.000,25.000,29.000,28.000,26.000,20.000,22.000,21.000,24.000,11.000,8.000,5.000,0.000,0.000,0.000,0.000,0.000,0.000
2019.04.30,1,발전량,"1,253.000",52.000,212.000,0.000,212.000,3.000,0.000,0.000,0.000,0.000,3.000,22.000,40.000,78.000,74.000,121.000,101.000,100.000,212.000,164.000,147.000,115.000,58.000,18.000,0.000,0.000,0.000,0.000,0.000,0.000
2019.05.01,1,발전량,"1,649.000",69.000,269.000,0.000,269.000,3.000,0.000,0.000,0.000,0.000,3.000,14.000,26.000,77.000,122.000,132.000,210.000,269.000,255.000,222.000,171.000,76.000,54.000,18.000,0.000,0.000,0.000,0.000,0.000,0.000
2019.05.02,1,발전량,"2,116.000",88.000,295.000,0.000,295.000,5.000,0.000,0.000,0.000,0.000,5.000,25.000,95.000,164.000,195.000,210.000,268.000,295.000,281.000,227.000,175.000,105.000,53.000,18.000,0.000,0.000,0.000,0.000,0.000,0.000
2019.05.03,1,발전량,"2,081.000",87.000,285.000,0.000,285.000,1.000,0.000,0.000,0.000,0.000,4.000,27.000,101.000,167.000,194.000,209.000,265.000,285.000,268.000,220.000,170.000,104.000,49.000,17.000,1.000,0.000,0.000,0.000,0.000,0.000
2019.05.04,1,발전량,"1,847.000",77.000,234.000,0.000,234.000,1.000,0.000,0.000,0.000,0.000,3.000,25.000,91.000,155.000,189.000,197.000,234.000,234.000,224.000,195.000,145.000,91.000,45.000,18.000,1.000,0.000,0.000,0.000,0.000,0.000
2019.05.05,1,발전량,"1,939.000",81.000,277.000,0.000,277.000,3.000,0.000,0.000,0.000,0.000,3.000,23.000,80.000,127.000,165.000,199.000,234.000,277.000,261.000,225.000,178.000,102.000,49.000,16.000,0.000,0.000,0.000,0.000,0.000,0.000
2019.05.06,1,발전량,"1,890.000",79.000,302.000,0.000,302.000,1.000,0.000,0.000,0.000,0.000,5.000,27.000,84.000,60.000,150.000,219.000,279.000,302.000,278.000,200.000,135.000,98.000,38.000,14.000,1.000,0.000,0.000,0.000,0.000,0.000
2019.05.07,1,발전량,"2,181.000",91.000,300.000,0.000,300.000,1.000,0.000,0.000,0.000,0.000,6.000,28.000,103.000,176.000,207.000,223.000,281.000,300.000,277.000,225.000,173.000,107.000,56.000,18.000,1.000,0.000,0.000,0.000,0.000,0.000
2019.05.08,1,발전량,"1,763.000",73.000,256.000,0.000,256.000,1.000,0.000,0.000,0.000,0.000,6.000,31.000,101.000,164.000,173.000,207.000,256.000,242.000,193.000,150.000,128.000,58.000,36.000,17.000,1.000,0.000,0.000,0.000,0.000,0.000
2019.05.09,1,발전량,"1,860.000",78.000,272.000,0.000,272.000,2.000,0.000,0.000,0.000,0.000,4.000,26.000,57.000,100.000,175.000,225.000,237.000,199.000,272.000,218.000,168.000,105.000,53.000,19.000,2.000,0.000,0.000,0.000,0.000,0.000
2019.05.10,1,발전량,"2,010.000",84.000,283.000,0.000,283.000,1.000,0.000,0.000,0.000,0.000,6.000,29.000,76.000,141.000,186.000,219.000,272.000,283.000,252.000,200.000,170.000,106.000,53.000,16.000,1.000,0.000,0.000,0.000,0.000,0.000
2019.05.11,1,발전량,"2,074.000",86.000,282.000,0.000,282.000,2.000,0.000,0.000,0.000,0.000,5.000,28.000,96.000,160.000,198.000,218.000,264.000,282.000,261.000,214.000,174.000,94.000,56.000,22.000,2.000,0.000,0.000,0.000,0.000,0.000
2019.05.12,1,발전량,"2,057.000",86.000,285.000,0.000,285.000,5.000,0.000,0.000,0.000,0.000,5.000,33.000,74.000,162.000,199.000,222.000,262.000,285.000,264.000,215.000,162.000,105.000,50.000,19.000,0.000,0.000,0.000,0.000,0.000,0.000
2019.05.13,1,발전량,"1,870.000",78.000,262.000,0.000,262.000,2.000,0.000,0.000,0.000,0.000,7.000,35.000,85.000,151.000,200.000,221.000,262.000,243.000,204.000,171.000,140.000,90.000,42.000,17.000,2.000,0.000,0.000,0.000,0.000,0.000
2019.05.14,1,발전량,"1,826.000",76.000,276.000,0.000,276.000,3.000,0.000,0.000,0.000,0.000,5.000,23.000,74.000,138.000,183.000,187.000,251.000,276.000,145.000,197.000,170.000,104.000,51.000,19.000,3.000,0.000,0.000,0.000,0.000,0.000
2019.05.15,1,발전량,"1,769.000",74.000,252.000,0.000,252.000,2.000,0.000,0.000,0.000,0.000,4.000,30.000,73.000,125.000,183.000,199.000,252.000,251.000,196.000,176.000,135.000,84.000,42.000,17.000,2.000,0.000,0.000,0.000,0.000,0.000
2019.05.16,1,발전량,"1,999.000",83.000,275.000,0.000,275.000,2.000,0.000,0.000,0.000,0.000,5.000,32.000,94.000,155.000,191.000,212.000,264.000,275.000,252.000,190.000,167.000,90.000,49.000,21.000,2.000,0.000,0.000,0.000,0.000,0.000
2019.05.17,1,발전량,"1,662.000",69.000,220.000,0.000,220.000,1.000,0.000,0.000,0.000,0.000,5.000,30.000,98.000,167.000,207.000,216.000,211.000,220.000,162.000,151.000,99.000,59.000,27.000,9.000,1.000,0.000,0.000,0.000,0.000,0.000
2019.05.18,1,발전량,356.000,15.000,57.000,0.000,57.000,1.000,0.000,0.000,0.000,0.000,1.000,6.000,12.000,13.000,34.000,44.000,57.000,38.000,34.000,42.000,32.000,22.000,13.000,8.000,0.000,0.000,0.000,0.000,0.000,0.000
2019.05.19,1,발전량,508.000,21.000,92.000,0.000,92.000,1.000,0.000,0.000,0.000,0.000,3.000,21.000,35.000,45.000,35.000,55.000,92.000,79.000,40.000,48.000,28.000,16.000,8.000,2.000,1.000,0.000,0.000,0.000,0.000,0.000
2019.05.20,1,발전량,"1,073.000",45.000,215.000,0.000,215.000,2.000,0.000,0.000,0.000,0.000,2.000,10.000,26.000,26.000,19.000,71.000,74.000,78.000,170.000,215.000,183.000,115.000,60.000,19.000,5.000,0.000,0.000,0.000,0.000,0.000
2019.05.21,1,발전량,"2,336.000",97.000,309.000,0.000,309.000,2.000,0.000,0.000,0.000,0.000,9.000,33.000,120.000,193.000,236.000,254.000,298.000,309.000,281.000,224.000,186.000,111.000,59.000,21.000,2.000,0.000,0.000,0.000,0.000,0.000
2019.05.22,1,발전량,"2,313.000",96.000,309.000,0.000,309.000,5.000,0.000,0.000,0.000,0.000,9.000,34.000,116.000,188.000,234.000,252.000,297.000,309.000,285.000,228.000,180.000,103.000,56.000,17.000,5.000,0.000,0.000,0.000,0.000,0.000
2019.05.23,1,발전량,"2,143.000",89.000,292.000,0.000,292.000,3.000,0.000,0.000,0.000,0.000,7.000,31.000,93.000,156.000,206.000,240.000,281.000,292.000,264.000,212.000,177.000,105.000,58.000,18.000,3.000,0.000,0.000,0.000,0.000,0.000
2019.05.24,1,발전량,"2,053.000",86.000,275.000,0.000,275.000,3.000,0.000,0.000,0.000,0.000,8.000,33.000,97.000,157.000,199.000,227.000,266.000,275.000,248.000,213.000,158.000,100.000,50.000,19.000,3.000,0.000,0.000,0.000,0.000,0.000
2019.05.25,1,발전량,"1,660.000",69.000,202.000,0.000,202.000,3.000,0.000,0.000,0.000,0.000,5.000,36.000,100.000,117.000,136.000,187.000,189.000,189.000,199.000,202.000,165.000,80.000,36.000,16.000,3.000,0.000,0.000,0.000,0.000,0.000
2019.05.26,1,발전량,"2,060.000",86.000,313.000,0.000,313.000,2.000,0.000,0.000,0.000,0.000,6.000,35.000,79.000,176.000,209.000,246.000,260.000,313.000,272.000,193.000,128.000,81.000,46.000,14.000,2.000,0.000,0.000,0.000,0.000,0.000
2019.05.27,1,발전량,314.000,13.000,57.000,0.000,57.000,2.000,0.000,0.000,0.000,0.000,2.000,15.000,15.000,17.000,29.000,23.000,33.000,38.000,43.000,57.000,17.000,11.000,11.000,3.000,0.000,0.000,0.000,0.000,0.000,0.000
2019.05.28,1,발전량,"1,897.000",79.000,255.000,0.000,255.000,5.000,0.000,0.000,0.000,0.000,9.000,34.000,73.000,155.000,186.000,191.000,201.000,203.000,255.000,240.000,154.000,114.000,56.000,21.000,5.000,0.000,0.000,0.000,0.000,0.000
2019.05.29,1,발전량,"2,243.000",93.000,299.000,0.000,299.000,4.000,0.000,0.000,0.000,0.000,9.000,36.000,109.000,186.000,205.000,255.000,277.000,299.000,259.000,226.000,179.000,117.000,61.000,21.000,4.000,0.000,0.000,0.000,0.000,0.000
2019.05.30,1,발전량,"1,948.000",81.000,289.000,0.000,289.000,2.000,0.000,0.000,0.000,0.000,10.000,43.000,81.000,167.000,208.000,258.000,277.000,289.000,203.000,185.000,122.000,67.000,27.000,9.000,2.000,0.000,0.000,0.000,0.000,0.000
2019.05.31,1,발전량,"1,694.000",71.000,308.000,0.000,308.000,1.000,0.000,0.000,0.000,0.000,1.000,9.000,16.000,24.000,52.000,139.000,295.000,308.000,237.000,234.000,178.000,114.000,58.000,24.000,5.000,0.000,0.000,0.000,0.000,0.000
2019.06.01,1,발전량,"1,938.000",81.000,259.000,0.000,259.000,3.000,0.000,0.000,0.000,0.000,8.000,38.000,87.000,153.000,209.000,203.000,227.000,259.000,236.000,217.000,143.000,91.000,44.000,20.000,3.000,0.000,0.000,0.000,0.000,0.000
2019.06.02,1,발전량,"1,962.000",82.000,292.000,0.000,292.000,5.000,0.000,0.000,0.000,0.000,9.000,37.000,83.000,175.000,217.000,246.000,264.000,292.000,211.000,127.000,119.000,99.000,57.000,21.000,5.000,0.000,0.000,0.000,0.000,0.000
2019.06.03,1,발전량,"2,104.000",88.000,284.000,0.000,284.000,4.000,0.000,0.000,0.000,0.000,9.000,32.000,97.000,170.000,209.000,243.000,265.000,284.000,244.000,202.000,159.000,103.000,57.000,26.000,4.000,0.000,0.000,0.000,0.000,0.000
2019.06.04,1,발전량,"2,094.000",87.000,289.000,0.000,289.000,6.000,0.000,0.000,0.000,0.000,9.000,35.000,89.000,164.000,204.000,244.000,267.000,289.000,243.000,212.000,157.000,98.000,56.000,21.000,6.000,0.000,0.000,0.000,0.000,0.000
2019.06.05,1,발전량,"2,106.000",88.000,287.000,0.000,287.000,4.000,0.000,0.000,0.000,0.000,7.000,36.000,104.000,167.000,206.000,246.000,266.000,287.000,245.000,213.000,154.000,98.000,51.000,22.000,4.000,0.000,0.000,0.000,0.000,0.000
2019.06.06,1,발전량,"1,426.000",59.000,211.000,0.000,211.000,3.000,0.000,0.000,0.000,0.000,9.000,32.000,91.000,124.000,152.000,182.000,185.000,211.000,187.000,122.000,70.000,29.000,21.000,8.000,3.000,0.000,0.000,0.000,0.000,0.000
2019.06.07,1,발전량,664.000,28.000,110.000,0.000,110.000,1.000,0.000,0.000,0.000,0.000,1.000,13.000,21.000,30.000,34.000,74.000,107.000,94.000,110.000,97.000,26.000,23.000,19.000,13.000,2.000,0.000,0.000,0.000,0.000,0.000
2019.06.08,1,발전량,"1,558.000",65.000,216.000,0.000,216.000,7.000,0.000,0.000,0.000,0.000,7.000,29.000,60.000,135.000,174.000,172.000,118.000,159.000,143.000,216.000,159.000,95.000,61.000,23.000,7.000,0.000,0.000,0.000,0.000,0.000
2019.06.09,1,발전량,"1,947.000",81.000,289.000,0.000,289.000,3.000,0.000,0.000,0.000,0.000,7.000,39.000,82.000,89.000,197.000,265.000,286.000,289.000,203.000,200.000,143.000,71.000,53.000,20.000,3.000,0.000,0.000,0.000,0.000,0.000
2019.06.10,1,발전량,"1,206.000",50.000,209.000,0.000,209.000,3.000,0.000,0.000,0.000,0.000,3.000,15.000,37.000,117.000,209.000,179.000,109.000,145.000,108.000,93.000,55.000,65.000,49.000,18.000,4.000,0.000,0.000,0.000,0.000,0.000
2019.06.11,1,발전량,"1,557.000",65.000,285.000,0.000,285.000,5.000,0.000,0.000,0.000,0.000,7.000,13.000,23.000,43.000,146.000,256.000,285.000,147.000,179.000,213.000,114.000,65.000,39.000,22.000,5.000,0.000,0.000,0.000,0.000,0.000
2019.06.12,1,발전량,"1,773.000",74.000,242.000,0.000,242.000,7.000,0.000,0.000,0.000,0.000,8.000,31.000,86.000,147.000,116.000,207.000,242.000,202.000,177.000,193.000,161.000,118.000,56.000,22.000,7.000,0.000,0.000,0.000,0.000,0.000
2019.06.13,1,발전량,"1,898.000",79.000,269.000,0.000,269.000,5.000,0.000,0.000,0.000,0.000,5.000,21.000,49.000,96.000,194.000,239.000,211.000,269.000,264.000,208.000,151.000,103.000,59.000,24.000,5.000,0.000,0.000,0.000,0.000,0.000
2019.06.14,1,발전량,640.000,27.000,142.000,0.000,142.000,4.000,0.000,0.000,0.000,0.000,7.000,16.000,20.000,42.000,66.000,142.000,63.000,78.000,49.000,70.000,40.000,17.000,16.000,10.000,4.000,0.000,0.000,0.000,0.000,0.000
2019.06.15,1,발전량,"1,781.000",74.000,243.000,0.000,243.000,6.000,0.000,0.000,0.000,0.000,6.000,26.000,38.000,122.000,201.000,234.000,166.000,243.000,231.000,195.000,122.000,112.000,56.000,23.000,6.000,0.000,0.000,0.000,0.000,0.000
2019.06.16,1,발전량,"1,795.000",75.000,269.000,0.000,269.000,2.000,0.000,0.000,0.000,0.000,9.000,36.000,103.000,181.000,227.000,269.000,239.000,201.000,179.000,78.000,109.000,93.000,47.000,22.000,2.000,0.000,0.000,0.000,0.000,0.000
2019.06.17,1,발전량,"1,716.000",72.000,256.000,0.000,256.000,5.000,0.000,0.000,0.000,0.000,8.000,35.000,65.000,104.000,118.000,219.000,208.000,256.000,182.000,174.000,158.000,105.000,57.000,22.000,5.000,0.000,0.000,0.000,0.000,0.000
2019.06.18,1,발전량,"1,393.000",58.000,224.000,0.000,224.000,5.000,0.000,0.000,0.000,0.000,8.000,21.000,40.000,64.000,88.000,99.000,155.000,195.000,224.000,192.000,154.000,64.000,56.000,28.000,5.000,0.000,0.000,0.000,0.000,0.000
2019.06.19,1,발전량,"1,599.000",67.000,216.000,0.000,216.000,8.000,0.000,0.000,0.000,0.000,8.000,33.000,77.000,135.000,180.000,198.000,216.000,176.000,167.000,161.000,146.000,58.000,20.000,16.000,8.000,0.000,0.000,0.000,0.000,0.000
2019.06.20,1,발전량,"1,905.000",79.000,266.000,0.000,266.000,2.000,0.000,0.000,0.000,0.000,2.000,19.000,47.000,116.000,203.000,245.000,266.000,266.000,249.000,183.000,145.000,81.000,53.000,27.000,3.000,0.000,0.000,0.000,0.000,0.000
2019.06.21,1,발전량,"2,025.000",84.000,281.000,0.000,281.000,6.000,0.000,0.000,0.000,0.000,8.000,29.000,81.000,149.000,202.000,249.000,260.000,281.000,260.000,217.000,109.000,94.000,56.000,24.000,6.000,0.000,0.000,0.000,0.000,0.000
2019.06.22,1,발전량,"1,170.000",49.000,237.000,0.000,237.000,3.000,0.000,0.000,0.000,0.000,4.000,13.000,24.000,45.000,55.000,101.000,199.000,237.000,182.000,143.000,68.000,67.000,19.000,10.000,3.000,0.000,0.000,0.000,0.000,0.000
2019.06.23,1,발전량,"1,931.000",80.000,246.000,0.000,246.000,6.000,0.000,0.000,0.000,0.000,8.000,38.000,115.000,177.000,221.000,244.000,209.000,246.000,176.000,170.000,167.000,71.000,61.000,22.000,6.000,0.000,0.000,0.000,0.000,0.000
2019.06.24,1,발전량,"1,574.000",66.000,236.000,0.000,236.000,5.000,0.000,0.000,0.000,0.000,5.000,21.000,62.000,84.000,103.000,234.000,230.000,221.000,236.000,107.000,110.000,71.000,61.000,23.000,6.000,0.000,0.000,0.000,0.000,0.000
2019.06.25,1,발전량,"2,041.000",85.000,269.000,0.000,269.000,6.000,0.000,0.000,0.000,0.000,8.000,33.000,90.000,157.000,214.000,244.000,269.000,221.000,223.000,217.000,172.000,105.000,56.000,26.000,6.000,0.000,0.000,0.000,0.000,0.000
2019.06.26,1,발전량,240.000,10.000,35.000,0.000,35.000,1.000,0.000,0.000,0.000,0.000,3.000,11.000,16.000,21.000,13.000,8.000,17.000,15.000,32.000,35.000,32.000,20.000,11.000,5.000,1.000,0.000,0.000,0.000,0.000,0.000
2019.06.27,1,발전량,"1,018.000",42.000,195.000,0.000,195.000,3.000,0.000,0.000,0.000,0.000,3.000,12.000,17.000,34.000,52.000,78.000,82.000,77.000,153.000,195.000,133.000,96.000,63.000,18.000,5.000,0.000,0.000,0.000,0.000,0.000
2019.06.28,1,발전량,"1,401.000",58.000,237.000,0.000,237.000,3.000,0.000,0.000,0.000,0.000,3.000,18.000,33.000,58.000,59.000,227.000,113.000,98.000,237.000,194.000,180.000,106.000,46.000,23.000,6.000,0.000,0.000,0.000,0.000,0.000
2019.06.29,1,발전량,258.000,11.000,38.000,0.000,38.000,2.000,0.000,0.000,0.000,0.000,4.000,12.000,16.000,17.000,24.000,31.000,38.000,28.000,30.000,26.000,15.000,6.000,4.000,5.000,2.000,0.000,0.000,0.000,0.000,0.000
2019.06.30,1,발전량,"1,505.000",63.000,239.000,0.000,239.000,6.000,0.000,0.000,0.000,0.000,6.000,16.000,30.000,86.000,180.000,239.000,194.000,152.000,190.000,171.000,85.000,65.000,56.000,25.000,10.000,0.000,0.000,0.000,0.000,0.000
2019.07.01,1,발전량,791.000,33.000,124.000,0.000,124.000,4.000,0.000,0.000,0.000,0.000,4.000,20.000,56.000,99.000,124.000,75.000,74.000,55.000,48.000,52.000,57.000,67.000,35.000,20.000,5.000,0.000,0.000,0.000,0.000,0.000
2019.07.02,1,발전량,"1,986.000",83.000,255.000,0.000,255.000,7.000,0.000,0.000,0.000,0.000,7.000,21.000,86.000,145.000,210.000,241.000,245.000,255.000,237.000,209.000,148.000,115.000,41.000,18.000,8.000,0.000,0.000,0.000,0.000,0.000
2019.07.03,1,발전량,"1,328.000",55.000,198.000,0.000,198.000,5.000,0.000,0.000,0.000,0.000,5.000,33.000,55.000,94.000,82.000,194.000,177.000,198.000,152.000,108.000,78.000,61.000,58.000,26.000,7.000,0.000,0.000,0.000,0.000,0.000
2019.07.04,1,발전량,"2,003.000",83.000,281.000,0.000,281.000,6.000,0.000,0.000,0.000,0.000,7.000,24.000,82.000,156.000,221.000,247.000,277.000,281.000,242.000,151.000,141.000,94.000,51.000,23.000,6.000,0.000,0.000,0.000,0.000,0.000
2019.07.05,1,발전량,"1,663.000",69.000,192.000,0.000,192.000,7.000,0.000,0.000,0.000,0.000,7.000,31.000,70.000,109.000,159.000,178.000,191.000,192.000,188.000,184.000,164.000,99.000,57.000,27.000,7.000,0.000,0.000,0.000,0.000,0.000
2019.07.06,1,발전량,"2,114.000",88.000,287.000,0.000,287.000,6.000,0.000,0.000,0.000,0.000,6.000,31.000,95.000,163.000,216.000,247.000,280.000,287.000,264.000,210.000,158.000,85.000,46.000,19.000,7.000,0.000,0.000,0.000,0.000,0.000
2019.07.07,1,발전량,"1,588.000",66.000,246.000,0.000,246.000,4.000,0.000,0.000,0.000,0.000,8.000,31.000,79.000,77.000,122.000,178.000,210.000,241.000,246.000,140.000,110.000,69.000,52.000,21.000,4.000,0.000,0.000,0.000,0.000,0.000
2019.07.08,1,발전량,"1,715.000",71.000,281.000,0.000,281.000,3.000,0.000,0.000,0.000,0.000,3.000,25.000,75.000,136.000,217.000,203.000,281.000,257.000,223.000,109.000,73.000,51.000,35.000,22.000,5.000,0.000,0.000,0.000,0.000,0.000
2019.07.09,1,발전량,"1,264.000",53.000,225.000,0.000,225.000,6.000,0.000,0.000,0.000,0.000,6.000,22.000,78.000,167.000,157.000,150.000,225.000,125.000,72.000,70.000,75.000,61.000,37.000,13.000,6.000,0.000,0.000,0.000,0.000,0.000
2019.07.10,1,발전량,392.000,16.000,58.000,0.000,58.000,1.000,0.000,0.000,0.000,0.000,1.000,8.000,19.000,26.000,30.000,32.000,58.000,49.000,54.000,34.000,35.000,22.000,14.000,8.000,2.000,0.000,0.000,0.000,0.000,0.000
2019.07.11,1,발전량,"1,082.000",45.000,165.000,0.000,165.000,3.000,0.000,0.000,0.000,0.000,3.000,13.000,42.000,84.000,126.000,110.000,129.000,165.000,117.000,113.000,66.000,53.000,37.000,21.000,3.000,0.000,0.000,0.000,0.000,0.000
2019.07.12,1,발전량,"1,830.000",76.000,275.000,0.000,275.000,3.000,0.000,0.000,0.000,0.000,6.000,28.000,76.000,145.000,219.000,236.000,275.000,255.000,241.000,173.000,66.000,49.000,37.000,21.000,3.000,0.000,0.000,0.000,0.000,0.000
2019.07.13,1,발전량,779.000,32.000,102.000,0.000,102.000,3.000,0.000,0.000,0.000,0.000,3.000,10.000,23.000,30.000,46.000,56.000,102.000,87.000,80.000,88.000,80.000,76.000,69.000,24.000,5.000,0.000,0.000,0.000,0.000,0.000
2019.07.14,1,발전량,"1,379.000",57.000,215.000,0.000,215.000,3.000,0.000,0.000,0.000,0.000,5.000,18.000,42.000,127.000,173.000,192.000,208.000,215.000,113.000,123.000,110.000,23.000,17.000,10.000,3.000,0.000,0.000,0.000,0.000,0.000
2019.07.15,1,발전량,"1,429.000",60.000,226.000,0.000,226.000,2.000,0.000,0.000,0.000,0.000,2.000,19.000,61.000,143.000,112.000,77.000,137.000,226.000,224.000,163.000,145.000,63.000,33.000,21.000,3.000,0.000,0.000,0.000,0.000,0.000
2019.07.16,1,발전량,"1,593.000",66.000,239.000,0.000,239.000,5.000,0.000,0.000,0.000,0.000,5.000,24.000,39.000,88.000,114.000,207.000,198.000,239.000,236.000,161.000,110.000,96.000,51.000,20.000,5.000,0.000,0.000,0.000,0.000,0.000
2019.07.17,1,발전량,"1,730.000",72.000,264.000,0.000,264.000,2.000,0.000,0.000,0.000,0.000,5.000,29.000,81.000,109.000,140.000,203.000,159.000,264.000,262.000,183.000,148.000,80.000,45.000,20.000,2.000,0.000,0.000,0.000,0.000,0.000
2019.07.18,1,발전량,456.000,19.000,64.000,0.000,64.000,4.000,0.000,0.000,0.000,0.000,0.000,8.000,10.000,37.000,40.000,51.000,52.000,52.000,41.000,64.000,41.000,23.000,19.000,14.000,4.000,0.000,0.000,0.000,0.000,0.000
2019.07.19,1,발전량,214.000,9.000,36.000,0.000,36.000,1.000,0.000,0.000,0.000,0.000,1.000,9.000,14.000,26.000,36.000,17.000,13.000,17.000,17.000,20.000,9.000,18.000,10.000,6.000,1.000,0.000,0.000,0.000,0.000,0.000
2019.07.20,1,발전량,282.000,12.000,53.000,0.000,53.000,1.000,0.000,0.000,0.000,0.000,1.000,7.000,21.000,17.000,23.000,29.000,53.000,28.000,29.000,22.000,27.000,11.000,8.000,5.000,1.000,0.000,0.000,0.000,0.000,0.000
2019.07.21,1,발전량,"1,141.000",48.000,228.000,0.000,228.000,5.000,0.000,0.000,0.000,0.000,0.000,5.000,17.000,39.000,64.000,120.000,163.000,195.000,228.000,90.000,76.000,75.000,45.000,17.000,7.000,0.000,0.000,0.000,0.000,0.000
2019.07.22,1,발전량,"1,620.000",68.000,239.000,0.000,239.000,3.000,0.000,0.000,0.000,0.000,3.000,18.000,26.000,87.000,161.000,196.000,239.000,0.000,222.000,221.000,135.000,147.000,90.000,54.000,18.000,3.000,0.000,0.000,0.000,0.000
2019.07.23,1,발전량,"1,795.000",75.000,272.000,0.000,272.000,5.000,0.000,0.000,0.000,0.000,5.000,22.000,56.000,93.000,173.000,214.000,240.000,272.000,178.000,207.000,157.000,96.000,57.000,20.000,5.000,0.000,0.000,0.000,0.000,0.000
2019.07.24,1,발전량,967.000,40.000,134.000,0.000,134.000,1.000,0.000,0.000,0.000,0.000,1.000,20.000,36.000,112.000,134.000,102.000,101.000,99.000,115.000,78.000,64.000,67.000,23.000,12.000,3.000,0.000,0.000,0.000,0.000,0.000
2019.07.25,1,발전량,696.000,29.000,95.000,0.000,95.000,3.000,0.000,0.000,0.000,0.000,4.000,3.000,12.000,44.000,70.000,37.000,53.000,71.000,86.000,85.000,95.000,71.000,31.000,29.000,5.000,0.000,0.000,0.000,0.000,0.000
2019.07.26,1,발전량,945.000,39.000,157.000,0.000,157.000,2.000,0.000,0.000,0.000,0.000,0.000,11.000,26.000,75.000,53.000,144.000,157.000,71.000,116.000,111.000,78.000,47.000,40.000,14.000,2.000,0.000,0.000,0.000,0.000,0.000
2019.07.27,1,발전량,501.000,21.000,76.000,0.000,76.000,2.000,0.000,0.000,0.000,0.000,2.000,16.000,22.000,56.000,33.000,39.000,38.000,53.000,42.000,76.000,30.000,36.000,39.000,16.000,3.000,0.000,0.000,0.000,0.000,0.000
2019.07.28,1,발전량,"1,584.000",66.000,298.000,0.000,298.000,5.000,0.000,0.000,0.000,0.000,0.000,17.000,48.000,95.000,78.000,140.000,204.000,298.000,200.000,185.000,161.000,97.000,36.000,20.000,5.000,0.000,0.000,0.000,0.000,0.000
2019.07.29,1,발전량,"1,754.000",73.000,251.000,0.000,251.000,2.000,0.000,0.000,0.000,0.000,2.000,18.000,55.000,116.000,124.000,206.000,229.000,212.000,251.000,216.000,145.000,99.000,54.000,23.000,4.000,0.000,0.000,0.000,0.000,0.000
2019.07.30,1,발전량,"1,710.000",71.000,233.000,0.000,233.000,1.000,0.000,0.000,0.000,0.000,1.000,18.000,48.000,139.000,145.000,167.000,198.000,208.000,233.000,229.000,153.000,100.000,45.000,23.000,3.000,0.000,0.000,0.000,0.000,0.000
2019.07.31,1,발전량,"1,826.000",76.000,280.000,0.000,280.000,3.000,0.000,0.000,0.000,0.000,3.000,22.000,90.000,108.000,157.000,188.000,191.000,280.000,257.000,214.000,151.000,100.000,47.000,15.000,3.000,0.000,0.000,0.000,0.000,0.000
2019.08.01,1,발전량,"1,746.000",73.000,244.000,0.000,244.000,3.000,0.000,0.000,0.000,0.000,3.000,20.000,82.000,158.000,186.000,205.000,244.000,233.000,153.000,145.000,159.000,99.000,41.000,15.000,3.000,0.000,0.000,0.000,0.000,0.000
2019.08.02,1,발전량,"1,586.000",66.000,244.000,0.000,244.000,2.000,0.000,0.000,0.000,0.000,2.000,22.000,80.000,154.000,187.000,201.000,244.000,174.000,112.000,189.000,133.000,33.000,34.000,19.000,2.000,0.000,0.000,0.000,0.000,0.000
2019.08.03,1,발전량,"1,816.000",76.000,262.000,0.000,262.000,3.000,0.000,0.000,0.000,0.000,3.000,23.000,55.000,143.000,164.000,203.000,229.000,262.000,248.000,210.000,124.000,93.000,36.000,20.000,3.000,0.000,0.000,0.000,0.000,0.000
2019.08.04,1,발전량,"1,737.000",72.000,234.000,0.000,234.000,2.000,0.000,0.000,0.000,0.000,2.000,23.000,76.000,140.000,174.000,200.000,234.000,192.000,187.000,212.000,140.000,95.000,41.000,17.000,4.000,0.000,0.000,0.000,0.000,0.000
2019.08.05,1,발전량,"1,753.000",73.000,239.000,0.000,239.000,2.000,0.000,0.000,0.000,0.000,2.000,18.000,64.000,134.000,170.000,200.000,232.000,239.000,182.000,191.000,142.000,86.000,65.000,25.000,3.000,0.000,0.000,0.000,0.000,0.000
2019.08.06,1,발전량,893.000,37.000,160.000,0.000,160.000,1.000,0.000,0.000,0.000,0.000,1.000,17.000,40.000,103.000,160.000,123.000,129.000,95.000,91.000,57.000,35.000,17.000,15.000,10.000,0.000,0.000,0.000,0.000,0.000,0.000
2019.08.07,1,발전량,"1,810.000",75.000,275.000,0.000,275.000,3.000,0.000,0.000,0.000,0.000,0.000,13.000,57.000,127.000,131.000,192.000,243.000,275.000,258.000,218.000,145.000,93.000,42.000,13.000,3.000,0.000,0.000,0.000,0.000,0.000
2019.08.08,1,발전량,"1,692.000",71.000,255.000,0.000,255.000,2.000,0.000,0.000,0.000,0.000,2.000,24.000,70.000,97.000,122.000,195.000,206.000,228.000,255.000,221.000,146.000,63.000,45.000,16.000,2.000,0.000,0.000,0.000,0.000,0.000
2019.08.09,1,발전량,"1,536.000",64.000,203.000,0.000,203.000,2.000,0.000,0.000,0.000,0.000,2.000,20.000,71.000,119.000,168.000,183.000,203.000,166.000,178.000,177.000,113.000,71.000,45.000,18.000,2.000,0.000,0.000,0.000,0.000,0.000
2019.08.10,1,발전량,"1,647.000",69.000,268.000,0.000,268.000,1.000,0.000,0.000,0.000,0.000,3.000,19.000,66.000,145.000,158.000,177.000,239.000,268.000,182.000,104.000,148.000,89.000,35.000,13.000,1.000,0.000,0.000,0.000,0.000,0.000
2019.08.11,1,발전량,"1,762.000",73.000,277.000,0.000,277.000,9.000,0.000,0.000,0.000,0.000,0.000,21.000,57.000,150.000,183.000,145.000,215.000,277.000,263.000,188.000,136.000,94.000,24.000,9.000,0.000,0.000,0.000,0.000,0.000,0.000
2019.08.12,1,발전량,734.000,31.000,126.000,0.000,126.000,1.000,0.000,0.000,0.000,0.000,1.000,13.000,23.000,46.000,68.000,75.000,72.000,66.000,62.000,102.000,126.000,40.000,29.000,11.000,0.000,0.000,0.000,0.000,0.000,0.000
2019.08.13,1,발전량,"1,250.000",52.000,182.000,0.000,182.000,1.000,0.000,0.000,0.000,0.000,2.000,16.000,39.000,82.000,159.000,159.000,160.000,175.000,182.000,94.000,83.000,73.000,14.000,11.000,1.000,0.000,0.000,0.000,0.000,0.000
2019.08.14,1,발전량,"1,491.000",62.000,214.000,0.000,214.000,1.000,0.000,0.000,0.000,0.000,2.000,15.000,48.000,150.000,173.000,115.000,174.000,214.000,178.000,164.000,137.000,68.000,38.000,14.000,1.000,0.000,0.000,0.000,0.000,0.000
2019.08.15,1,발전량,802.000,33.000,175.000,0.000,175.000,2.000,0.000,0.000,0.000,0.000,0.000,15.000,25.000,22.000,48.000,44.000,98.000,67.000,96.000,175.000,133.000,43.000,26.000,8.000,2.000,0.000,0.000,0.000,0.000,0.000
2019.08.16,1,발전량,"1,305.000",54.000,179.000,0.000,179.000,2.000,0.000,0.000,0.000,0.000,0.000,19.000,64.000,106.000,175.000,170.000,179.000,121.000,84.000,117.000,128.000,83.000,39.000,18.000,2.000,0.000,0.000,0.000,0.000,0.000
2019.08.17,1,발전량,"1,853.000",77.000,271.000,0.000,271.000,1.000,0.000,0.000,0.000,0.000,2.000,16.000,77.000,139.000,168.000,182.000,244.000,271.000,267.000,208.000,148.000,82.000,33.000,15.000,1.000,0.000,0.000,0.000,0.000,0.000
2019.08.18,1,발전량,"1,559.000",65.000,247.000,0.000,247.000,11.000,0.000,0.000,0.000,0.000,0.000,11.000,42.000,73.000,139.000,159.000,200.000,238.000,247.000,193.000,134.000,73.000,35.000,15.000,0.000,0.000,0.000,0.000,0.000,0.000
2019.08.19,1,발전량,"1,457.000",61.000,197.000,0.000,197.000,1.000,0.000,0.000,0.000,0.000,3.000,12.000,51.000,110.000,150.000,149.000,197.000,186.000,176.000,195.000,100.000,71.000,37.000,19.000,1.000,0.000,0.000,0.000,0.000,0.000
2019.08.20,1,발전량,"1,033.000",43.000,155.000,0.000,155.000,1.000,0.000,0.000,0.000,0.000,0.000,14.000,55.000,102.000,140.000,120.000,155.000,96.000,123.000,71.000,47.000,44.000,50.000,15.000,1.000,0.000,0.000,0.000,0.000,0.000
2019.08.21,1,발전량,567.000,24.000,85.000,0.000,85.000,1.000,0.000,0.000,0.000,0.000,1.000,8.000,20.000,54.000,62.000,66.000,85.000,73.000,79.000,47.000,26.000,28.000,17.000,1.000,0.000,0.000,0.000,0.000,0.000,0.000
2019.08.22,1,발전량,640.000,27.000,132.000,0.000,132.000,1.000,0.000,0.000,0.000,0.000,0.000,8.000,18.000,27.000,9.000,15.000,12.000,77.000,92.000,123.000,132.000,75.000,38.000,13.000,1.000,0.000,0.000,0.000,0.000,0.000
2019.08.23,1,발전량,907.000,38.000,198.000,0.000,198.000,1.000,0.000,0.000,0.000,0.000,1.000,9.000,24.000,27.000,66.000,43.000,75.000,89.000,198.000,147.000,94.000,84.000,36.000,14.000,0.000,0.000,0.000,0.000,0.000,0.000
2019.08.24,1,발전량,"1,357.000",57.000,235.000,0.000,235.000,9.000,0.000,0.000,0.000,0.000,0.000,11.000,51.000,120.000,147.000,148.000,235.000,190.000,136.000,113.000,114.000,58.000,25.000,9.000,0.000,0.000,0.000,0.000,0.000,0.000
2019.08.25,1,발전량,680.000,28.000,100.000,0.000,100.000,1.000,0.000,0.000,0.000,0.000,2.000,7.000,21.000,31.000,47.000,75.000,66.000,83.000,100.000,88.000,70.000,48.000,32.000,9.000,1.000,0.000,0.000,0.000,0.000,0.000
2019.08.26,1,발전량,"1,488.000",62.000,275.000,0.000,275.000,1.000,0.000,0.000,0.000,0.000,1.000,8.000,33.000,90.000,147.000,162.000,189.000,275.000,232.000,114.000,115.000,75.000,37.000,9.000,1.000,0.000,0.000,0.000,0.000,0.000
2019.08.27,1,발전량,312.000,13.000,49.000,0.000,49.000,4.000,0.000,0.000,0.000,0.000,0.000,6.000,10.000,23.000,27.000,37.000,15.000,9.000,12.000,49.000,47.000,47.000,26.000,4.000,0.000,0.000,0.000,0.000,0.000,0.000
2019.08.28,1,발전량,701.000,29.000,126.000,0.000,126.000,1.000,0.000,0.000,0.000,0.000,0.000,7.000,12.000,17.000,44.000,62.000,102.000,123.000,126.000,88.000,63.000,27.000,14.000,15.000,1.000,0.000,0.000,0.000,0.000,0.000
2019.08.29,1,발전량,355.000,15.000,65.000,0.000,65.000,3.000,0.000,0.000,0.000,0.000,0.000,3.000,7.000,10.000,22.000,65.000,50.000,49.000,37.000,24.000,33.000,29.000,22.000,4.000,0.000,0.000,0.000,0.000,0.000,0.000
2019.08.30,1,발전량,"1,527.000",64.000,260.000,0.000,260.000,9.000,0.000,0.000,0.000,0.000,0.000,9.000,26.000,57.000,144.000,160.000,220.000,260.000,243.000,201.000,127.000,51.000,20.000,9.000,0.000,0.000,0.000,0.000,0.000,0.000
2019.08.31,1,발전량,"1,382.000",58.000,270.000,0.000,270.000,2.000,0.000,0.000,0.000,0.000,2.000,17.000,48.000,65.000,105.000,141.000,207.000,270.000,231.000,106.000,98.000,43.000,37.000,12.000,0.000,0.000,0.000,0.000,0.000,0.000
2019.09.01,1,발전량,480.000,20.000,69.000,0.000,69.000,4.000,0.000,0.000,0.000,0.000,0.000,10.000,33.000,63.000,56.000,63.000,59.000,69.000,47.000,25.000,21.000,17.000,13.000,4.000,0.000,0.000,0.000,0.000,0.000,0.000
2019.09.02,1,발전량,225.000,9.000,35.000,0.000,35.000,3.000,0.000,0.000,0.000,0.000,0.000,6.000,15.000,14.000,24.000,18.000,18.000,19.000,35.000,29.000,21.000,16.000,7.000,3.000,0.000,0.000,0.000,0.000,0.000,0.000
2019.09.03,1,발전량,423.000,18.000,86.000,0.000,86.000,2.000,0.000,0.000,0.000,0.000,0.000,0.000,2.000,5.000,7.000,19.000,67.000,75.000,72.000,86.000,52.000,23.000,11.000,4.000,0.000,0.000,0.000,0.000,0.000,0.000
2019.09.04,1,발전량,393.000,16.000,56.000,0.000,56.000,4.000,0.000,0.000,0.000,0.000,0.000,9.000,20.000,56.000,33.000,44.000,19.000,39.000,50.000,35.000,46.000,19.000,19.000,4.000,0.000,0.000,0.000,0.000,0.000,0.000
2019.09.05,1,발전량,"1,037.000",43.000,206.000,0.000,206.000,8.000,0.000,0.000,0.000,0.000,12.000,29.000,61.000,84.000,118.000,137.000,206.000,89.000,101.000,113.000,54.000,25.000,8.000,0.000,0.000,0.000,0.000,0.000,0.000,0.000
2019.09.06,1,발전량,906.000,38.000,135.000,0.000,135.000,6.000,0.000,0.000,0.000,0.000,0.000,9.000,49.000,64.000,86.000,89.000,130.000,135.000,87.000,100.000,87.000,45.000,19.000,6.000,0.000,0.000,0.000,0.000,0.000,0.000
2019.09.07,1,발전량,538.000,22.000,77.000,0.000,77.000,4.000,0.000,0.000,0.000,0.000,0.000,4.000,14.000,28.000,40.000,35.000,50.000,53.000,71.000,75.000,77.000,59.000,24.000,8.000,0.000,0.000,0.000,0.000,0.000,0.000
2019.09.08,1,발전량,968.000,40.000,152.000,0.000,152.000,4.000,0.000,0.000,0.000,0.000,0.000,9.000,25.000,58.000,77.000,135.000,123.000,152.000,142.000,116.000,60.000,46.000,21.000,4.000,0.000,0.000,0.000,0.000,0.000,0.000
2019.09.09,1,발전량,"1,040.000",43.000,161.000,0.000,161.000,4.000,0.000,0.000,0.000,0.000,0.000,7.000,28.000,111.000,103.000,161.000,135.000,123.000,138.000,122.000,49.000,34.000,25.000,4.000,0.000,0.000,0.000,0.000,0.000,0.000
2019.09.10,1,발전량,"1,143.000",48.000,149.000,0.000,149.000,6.000,0.000,0.000,0.000,0.000,0.000,12.000,56.000,90.000,85.000,149.000,121.000,133.000,140.000,144.000,125.000,59.000,23.000,6.000,0.000,0.000,0.000,0.000,0.000,0.000
2019.09.11,1,발전량,993.000,41.000,199.000,0.000,199.000,5.000,0.000,0.000,0.000,0.000,0.000,9.000,18.000,57.000,96.000,102.000,119.000,199.000,73.000,133.000,120.000,47.000,15.000,5.000,0.000,0.000,0.000,0.000,0.000,0.000
2019.09.12,1,발전량,410.000,17.000,85.000,0.000,85.000,3.000,0.000,0.000,0.000,0.000,0.000,5.000,12.000,19.000,22.000,26.000,51.000,85.000,60.000,61.000,37.000,18.000,11.000,3.000,0.000,0.000,0.000,0.000,0.000,0.000
2019.09.13,1,발전량,"1,359.000",57.000,235.000,0.000,235.000,4.000,0.000,0.000,0.000,0.000,0.000,10.000,66.000,118.000,114.000,121.000,161.000,235.000,212.000,133.000,99.000,65.000,21.000,4.000,0.000,0.000,0.000,0.000,0.000,0.000
2019.09.14,1,발전량,"1,466.000",61.000,263.000,0.000,263.000,4.000,0.000,0.000,0.000,0.000,0.000,11.000,67.000,116.000,109.000,135.000,195.000,263.000,228.000,161.000,109.000,52.000,16.000,4.000,0.000,0.000,0.000,0.000,0.000,0.000
2019.09.15,1,발전량,"1,072.000",45.000,193.000,0.000,193.000,3.000,0.000,0.000,0.000,0.000,0.000,9.000,38.000,88.000,106.000,105.000,116.000,184.000,193.000,81.000,102.000,30.000,17.000,3.000,0.000,0.000,0.000,0.000,0.000,0.000
2019.09.16,1,발전량,"1,405.000",59.000,258.000,0.000,258.000,4.000,0.000,0.000,0.000,0.000,0.000,10.000,35.000,77.000,106.000,136.000,199.000,258.000,227.000,184.000,96.000,53.000,20.000,4.000,0.000,0.000,0.000,0.000,0.000,0.000
2019.09.17,1,발전량,"1,475.000",61.000,246.000,0.000,246.000,3.000,0.000,0.000,0.000,0.000,0.000,11.000,66.000,110.000,104.000,139.000,204.000,246.000,228.000,182.000,111.000,52.000,19.000,3.000,0.000,0.000,0.000,0.000,0.000,0.000
2019.09.18,1,발전량,"1,438.000",60.000,276.000,0.000,276.000,4.000,0.000,0.000,0.000,0.000,0.000,7.000,30.000,69.000,110.000,134.000,195.000,276.000,248.000,185.000,112.000,51.000,17.000,4.000,0.000,0.000,0.000,0.000,0.000,0.000
2019.09.19,1,발전량,"1,253.000",52.000,197.000,0.000,197.000,5.000,0.000,0.000,0.000,0.000,0.000,10.000,59.000,103.000,104.000,129.000,161.000,145.000,197.000,163.000,111.000,49.000,17.000,5.000,0.000,0.000,0.000,0.000,0.000,0.000
2019.09.20,1,발전량,"1,199.000",50.000,210.000,0.000,210.000,3.000,0.000,0.000,0.000,0.000,0.000,5.000,18.000,62.000,120.000,164.000,210.000,190.000,173.000,118.000,78.000,42.000,16.000,3.000,0.000,0.000,0.000,0.000,0.000,0.000
2019.09.21,1,발전량,206.000,9.000,35.000,0.000,35.000,1.000,0.000,0.000,0.000,0.000,0.000,2.000,8.000,18.000,27.000,28.000,35.000,28.000,14.000,17.000,15.000,7.000,6.000,1.000,0.000,0.000,0.000,0.000,0.000,0.000
2019.09.22,1,발전량,254.000,11.000,37.000,0.000,37.000,1.000,0.000,0.000,0.000,0.000,0.000,2.000,10.000,19.000,32.000,37.000,34.000,37.000,31.000,24.000,17.000,8.000,2.000,1.000,0.000,0.000,0.000,0.000,0.000,0.000
2019.09.23,1,발전량,514.000,21.000,85.000,0.000,85.000,1.000,0.000,0.000,0.000,0.000,0.000,7.000,32.000,41.000,55.000,60.000,85.000,71.000,47.000,39.000,50.000,17.000,9.000,1.000,0.000,0.000,0.000,0.000,0.000,0.000
2019.09.24,1,발전량,"1,385.000",58.000,269.000,0.000,269.000,3.000,0.000,0.000,0.000,0.000,0.000,7.000,22.000,61.000,106.000,134.000,209.000,269.000,252.000,159.000,92.000,50.000,21.000,3.000,0.000,0.000,0.000,0.000,0.000,0.000
2019.09.25,1,발전량,"1,145.000",48.000,193.000,0.000,193.000,8.000,0.000,0.000,0.000,0.000,0.000,8.000,26.000,72.000,113.000,137.000,182.000,193.000,160.000,107.000,81.000,49.000,17.000,0.000,0.000,0.000,0.000,0.000,0.000,0.000
2019.09.26,1,발전량,"1,082.000",45.000,191.000,0.000,191.000,3.000,0.000,0.000,0.000,0.000,0.000,0.000,12.000,43.000,88.000,107.000,133.000,179.000,191.000,153.000,78.000,46.000,36.000,13.000,3.000,0.000,0.000,0.000,0.000,0.000
2019.09.27,1,발전량,773.000,32.000,117.000,0.000,117.000,4.000,0.000,0.000,0.000,0.000,0.000,4.000,30.000,87.000,100.000,109.000,115.000,117.000,102.000,56.000,23.000,19.000,11.000,0.000,0.000,0.000,0.000,0.000,0.000,0.000
2019.09.28,1,발전량,599.000,25.000,102.000,0.000,102.000,1.000,0.000,0.000,0.000,0.000,0.000,1.000,10.000,29.000,69.000,85.000,78.000,102.000,84.000,47.000,48.000,32.000,13.000,1.000,0.000,0.000,0.000,0.000,0.000,0.000
2019.09.29,1,발전량,"1,103.000",46.000,209.000,0.000,209.000,3.000,0.000,0.000,0.000,0.000,0.000,3.000,15.000,49.000,58.000,113.000,188.000,209.000,142.000,161.000,103.000,40.000,18.000,4.000,0.000,0.000,0.000,0.000,0.000,0.000
2019.09.30,1,발전량,899.000,37.000,168.000,0.000,168.000,1.000,0.000,0.000,0.000,0.000,0.000,1.000,20.000,51.000,73.000,76.000,168.000,110.000,135.000,130.000,87.000,34.000,14.000,0.000,0.000,0.000,0.000,0.000,0.000,0.000
2019.10.01,1,발전량,230.000,10.000,59.000,0.000,59.000,2.000,0.000,0.000,0.000,0.000,0.000,3.000,2.000,4.000,8.000,24.000,48.000,59.000,30.000,15.000,18.000,11.000,8.000,0.000,0.000,0.000,0.000,0.000,0.000,0.000
2019.10.02,1,발전량,92.000,4.000,27.000,0.000,27.000,2.000,0.000,0.000,0.000,0.000,0.000,0.000,5.000,6.000,9.000,9.000,7.000,8.000,27.000,11.000,5.000,3.000,2.000,0.000,0.000,0.000,0.000,0.000,0.000,0.000
2019.10.03,1,발전량,"1,169.000",49.000,258.000,0.000,258.000,6.000,0.000,0.000,0.000,0.000,0.000,6.000,41.000,69.000,91.000,139.000,208.000,258.000,164.000,71.000,71.000,39.000,12.000,0.000,0.000,0.000,0.000,0.000,0.000,0.000
2019.10.04,1,발전량,"1,199.000",50.000,241.000,0.000,241.000,2.000,0.000,0.000,0.000,0.000,0.000,4.000,19.000,40.000,99.000,135.000,168.000,241.000,229.000,149.000,75.000,29.000,9.000,2.000,0.000,0.000,0.000,0.000,0.000,0.000
2019.10.05,1,발전량,917.000,38.000,137.000,0.000,137.000,1.000,0.000,0.000,0.000,0.000,0.000,2.000,42.000,57.000,108.000,95.000,132.000,137.000,110.000,119.000,67.000,32.000,15.000,1.000,0.000,0.000,0.000,0.000,0.000,0.000
2019.10.06,1,발전량,"1,032.000",43.000,231.000,0.000,231.000,3.000,0.000,0.000,0.000,0.000,0.000,3.000,31.000,69.000,89.000,110.000,144.000,231.000,179.000,72.000,47.000,43.000,14.000,0.000,0.000,0.000,0.000,0.000,0.000,0.000
2019.10.07,1,발전량,322.000,13.000,78.000,0.000,78.000,1.000,0.000,0.000,0.000,0.000,0.000,2.000,9.000,23.000,31.000,55.000,78.000,51.000,27.000,19.000,16.000,10.000,1.000,0.000,0.000,0.000,0.000,0.000,0.000,0.000
2019.10.08,1,발전량,"1,215.000",51.000,243.000,0.000,243.000,5.000,0.000,0.000,0.000,0.000,0.000,5.000,21.000,48.000,106.000,138.000,201.000,243.000,202.000,124.000,84.000,31.000,12.000,0.000,0.000,0.000,0.000,0.000,0.000,0.000
2019.10.09,1,발전량,"1,394.000",58.000,270.000,0.000,270.000,1.000,0.000,0.000,0.000,0.000,0.000,6.000,45.000,85.000,103.000,155.000,220.000,270.000,242.000,141.000,84.000,31.000,11.000,1.000,0.000,0.000,0.000,0.000,0.000,0.000
2019.10.10,1,발전량,"1,313.000",55.000,254.000,0.000,254.000,1.000,0.000,0.000,0.000,0.000,0.000,4.000,41.000,82.000,101.000,147.000,193.000,254.000,231.000,140.000,81.000,29.000,9.000,1.000,0.000,0.000,0.000,0.000,0.000,0.000
2019.10.11,1,발전량,"1,292.000",54.000,251.000,0.000,251.000,5.000,0.000,0.000,0.000,0.000,0.000,5.000,37.000,74.000,94.000,140.000,206.000,251.000,226.000,142.000,77.000,30.000,10.000,0.000,0.000,0.000,0.000,0.000,0.000,0.000
2019.10.12,1,발전량,"1,321.000",55.000,258.000,0.000,258.000,4.000,0.000,0.000,0.000,0.000,0.000,4.000,34.000,74.000,98.000,148.000,209.000,258.000,228.000,147.000,80.000,31.000,10.000,0.000,0.000,0.000,0.000,0.000,0.000,0.000
2019.10.13,1,발전량,"1,310.000",55.000,252.000,0.000,252.000,1.000,0.000,0.000,0.000,0.000,0.000,4.000,38.000,74.000,99.000,150.000,212.000,252.000,218.000,142.000,80.000,30.000,10.000,1.000,0.000,0.000,0.000,0.000,0.000,0.000
2019.10.14,1,발전량,"1,263.000",53.000,248.000,0.000,248.000,3.000,0.000,0.000,0.000,0.000,0.000,3.000,34.000,72.000,96.000,147.000,203.000,248.000,214.000,144.000,64.000,29.000,9.000,0.000,0.000,0.000,0.000,0.000,0.000,0.000
2019.10.15,1,발전량,608.000,25.000,107.000,0.000,107.000,3.000,0.000,0.000,0.000,0.000,0.000,3.000,21.000,46.000,57.000,66.000,107.000,69.000,90.000,49.000,61.000,30.000,9.000,0.000,0.000,0.000,0.000,0.000,0.000,0.000
2019.10.16,1,발전량,"1,256.000",52.000,254.000,0.000,254.000,3.000,0.000,0.000,0.000,0.000,0.000,3.000,22.000,64.000,86.000,150.000,209.000,254.000,215.000,140.000,72.000,33.000,8.000,0.000,0.000,0.000,0.000,0.000,0.000,0.000
2019.10.17,1,발전량,814.000,34.000,154.000,0.000,154.000,3.000,0.000,0.000,0.000,0.000,0.000,3.000,24.000,55.000,85.000,154.000,95.000,141.000,97.000,90.000,39.000,22.000,9.000,0.000,0.000,0.000,0.000,0.000,0.000,0.000
2019.10.18,1,발전량,154.000,6.000,21.000,0.000,21.000,1.000,0.000,0.000,0.000,0.000,0.000,0.000,7.000,15.000,18.000,17.000,21.000,16.000,19.000,13.000,15.000,12.000,1.000,0.000,0.000,0.000,0.000,0.000,0.000,0.000
2019.10.19,1,발전량,"1,105.000",46.000,204.000,0.000,204.000,3.000,0.000,0.000,0.000,0.000,0.000,3.000,29.000,65.000,94.000,153.000,193.000,203.000,204.000,83.000,52.000,18.000,8.000,0.000,0.000,0.000,0.000,0.000,0.000,0.000
2019.10.20,1,발전량,"1,214.000",51.000,251.000,0.000,251.000,3.000,0.000,0.000,0.000,0.000,0.000,3.000,29.000,68.000,95.000,150.000,198.000,251.000,180.000,119.000,80.000,33.000,8.000,0.000,0.000,0.000,0.000,0.000,0.000,0.000
2019.10.21,1,발전량,592.000,25.000,92.000,0.000,92.000,2.000,0.000,0.000,0.000,0.000,0.000,3.000,27.000,65.000,69.000,86.000,92.000,91.000,69.000,48.000,28.000,12.000,2.000,0.000,0.000,0.000,0.000,0.000,0.000,0.000
2019.10.22,1,발전량,928.000,39.000,188.000,0.000,188.000,1.000,0.000,0.000,0.000,0.000,0.000,1.000,8.000,40.000,70.000,71.000,155.000,188.000,182.000,121.000,64.000,23.000,5.000,0.000,0.000,0.000,0.000,0.000,0.000,0.000
2019.10.23,1,발전량,622.000,26.000,114.000,0.000,114.000,3.000,0.000,0.000,0.000,0.000,0.000,3.000,19.000,49.000,68.000,114.000,104.000,97.000,81.000,44.000,25.000,14.000,4.000,0.000,0.000,0.000,0.000,0.000,0.000,0.000
2019.10.24,1,발전량,569.000,24.000,85.000,0.000,85.000,1.000,0.000,0.000,0.000,0.000,0.000,1.000,19.000,44.000,76.000,69.000,59.000,62.000,85.000,65.000,61.000,24.000,4.000,0.000,0.000,0.000,0.000,0.000,0.000,0.000
2019.10.25,1,발전량,985.000,41.000,207.000,0.000,207.000,1.000,0.000,0.000,0.000,0.000,0.000,1.000,20.000,36.000,93.000,145.000,163.000,207.000,147.000,86.000,57.000,26.000,4.000,0.000,0.000,0.000,0.000,0.000,0.000,0.000
2019.10.26,1,발전량,"1,250.000",52.000,259.000,0.000,259.000,4.000,0.000,0.000,0.000,0.000,0.000,4.000,23.000,58.000,97.000,159.000,208.000,259.000,214.000,126.000,67.000,29.000,6.000,0.000,0.000,0.000,0.000,0.000,0.000,0.000
2019.10.27,1,발전량,"1,050.000",44.000,254.000,0.000,254.000,3.000,0.000,0.000,0.000,0.000,0.000,3.000,21.000,42.000,69.000,118.000,154.000,254.000,206.000,111.000,42.000,25.000,5.000,0.000,0.000,0.000,0.000,0.000,0.000,0.000
2019.10.28,1,발전량,"1,208.000",50.000,246.000,0.000,246.000,3.000,0.000,0.000,0.000,0.000,0.000,3.000,24.000,57.000,98.000,136.000,200.000,246.000,211.000,139.000,61.000,26.000,7.000,0.000,0.000,0.000,0.000,0.000,0.000,0.000
2019.10.29,1,발전량,"1,061.000",44.000,206.000,0.000,206.000,1.000,0.000,0.000,0.000,0.000,0.000,1.000,22.000,56.000,89.000,134.000,171.000,206.000,170.000,120.000,62.000,25.000,5.000,0.000,0.000,0.000,0.000,0.000,0.000,0.000
2019.10.30,1,발전량,"1,214.000",51.000,248.000,0.000,248.000,3.000,0.000,0.000,0.000,0.000,0.000,3.000,20.000,60.000,95.000,153.000,202.000,248.000,204.000,136.000,66.000,22.000,5.000,0.000,0.000,0.000,0.000,0.000,0.000,0.000
2019.10.31,1,발전량,"1,190.000",50.000,240.000,0.000,240.000,2.000,0.000,0.000,0.000,0.000,0.000,2.000,21.000,57.000,96.000,148.000,200.000,240.000,202.000,129.000,66.000,24.000,5.000,0.000,0.000,0.000,0.000,0.000,0.000,0.000
2019.11.01,1,발전량,"1,100.000",46.000,219.000,0.000,219.000,2.000,0.000,0.000,0.000,0.000,0.000,2.000,19.000,56.000,89.000,139.000,185.000,219.000,187.000,117.000,60.000,22.000,5.000,0.000,0.000,0.000,0.000,0.000,0.000,0.000
2019.11.02,1,발전량,783.000,33.000,132.000,0.000,132.000,1.000,0.000,0.000,0.000,0.000,0.000,1.000,21.000,50.000,90.000,132.000,125.000,109.000,113.000,60.000,57.000,22.000,3.000,0.000,0.000,0.000,0.000,0.000,0.000,0.000
2019.11.03,1,발전량,952.000,40.000,202.000,0.000,202.000,1.000,0.000,0.000,0.000,0.000,0.000,1.000,15.000,35.000,64.000,127.000,176.000,202.000,130.000,117.000,60.000,22.000,3.000,0.000,0.000,0.000,0.000,0.000,0.000,0.000
2019.11.04,1,발전량,822.000,34.000,172.000,0.000,172.000,3.000,0.000,0.000,0.000,0.000,0.000,0.000,11.000,23.000,56.000,100.000,135.000,172.000,147.000,111.000,42.000,22.000,3.000,0.000,0.000,0.000,0.000,0.000,0.000,0.000
2019.11.05,1,발전량,"1,121.000",47.000,229.000,0.000,229.000,1.000,0.000,0.000,0.000,0.000,0.000,1.000,20.000,51.000,89.000,144.000,189.000,229.000,191.000,120.000,61.000,21.000,5.000,0.000,0.000,0.000,0.000,0.000,0.000,0.000
2019.11.06,1,발전량,"1,111.000",46.000,231.000,0.000,231.000,4.000,0.000,0.000,0.000,0.000,0.000,0.000,16.000,51.000,90.000,144.000,189.000,231.000,185.000,119.000,62.000,20.000,4.000,0.000,0.000,0.000,0.000,0.000,0.000,0.000
2019.11.07,1,발전량,991.000,41.000,203.000,0.000,203.000,4.000,0.000,0.000,0.000,0.000,0.000,0.000,24.000,51.000,80.000,125.000,134.000,203.000,174.000,116.000,58.000,22.000,4.000,0.000,0.000,0.000,0.000,0.000,0.000,0.000
2019.11.08,1,발전량,"1,102.000",46.000,225.000,0.000,225.000,1.000,0.000,0.000,0.000,0.000,0.000,1.000,16.000,47.000,86.000,142.000,192.000,225.000,193.000,118.000,60.000,19.000,3.000,0.000,0.000,0.000,0.000,0.000,0.000,0.000
2019.11.09,1,발전량,"1,106.000",46.000,222.000,0.000,222.000,1.000,0.000,0.000,0.000,0.000,0.000,1.000,16.000,49.000,92.000,142.000,193.000,222.000,192.000,119.000,58.000,21.000,1.000,0.000,0.000,0.000,0.000,0.000,0.000,0.000
2019.11.10,1,발전량,634.000,26.000,118.000,0.000,118.000,1.000,0.000,0.000,0.000,0.000,0.000,1.000,16.000,28.000,70.000,70.000,112.000,81.000,118.000,78.000,42.000,17.000,1.000,0.000,0.000,0.000,0.000,0.000,0.000,0.000
2019.11.11,1,발전량,"1,005.000",42.000,204.000,0.000,204.000,1.000,0.000,0.000,0.000,0.000,0.000,1.000,15.000,49.000,59.000,159.000,204.000,161.000,126.000,147.000,63.000,18.000,3.000,0.000,0.000,0.000,0.000,0.000,0.000,0.000
2019.11.12,1,발전량,"1,035.000",43.000,196.000,0.000,196.000,1.000,0.000,0.000,0.000,0.000,0.000,1.000,13.000,50.000,93.000,139.000,164.000,196.000,182.000,115.000,59.000,20.000,3.000,0.000,0.000,0.000,0.000,0.000,0.000,0.000
2019.11.13,1,발전량,447.000,19.000,113.000,0.000,113.000,2.000,0.000,0.000,0.000,0.000,0.000,0.000,10.000,23.000,49.000,55.000,113.000,75.000,35.000,36.000,36.000,13.000,2.000,0.000,0.000,0.000,0.000,0.000,0.000,0.000
2019.11.14,1,발전량,"1,224.000",51.000,253.000,0.000,253.000,1.000,0.000,0.000,0.000,0.000,0.000,1.000,13.000,50.000,98.000,160.000,217.000,253.000,216.000,132.000,63.000,18.000,3.000,0.000,0.000,0.000,0.000,0.000,0.000,0.000
2019.11.15,1,발전량,"1,100.000",46.000,223.000,0.000,223.000,2.000,0.000,0.000,0.000,0.000,0.000,0.000,14.000,49.000,90.000,147.000,191.000,223.000,189.000,120.000,56.000,19.000,2.000,0.000,0.000,0.000,0.000,0.000,0.000,0.000
2019.11.16,1,발전량,"1,010.000",42.000,207.000,0.000,207.000,1.000,0.000,0.000,0.000,0.000,0.000,1.000,14.000,42.000,77.000,115.000,178.000,207.000,180.000,114.000,57.000,22.000,3.000,0.000,0.000,0.000,0.000,0.000,0.000,0.000
2019.11.17,1,발전량,193.000,8.000,31.000,0.000,31.000,8.000,0.000,0.000,0.000,0.000,0.000,0.000,8.000,13.000,23.000,27.000,15.000,21.000,31.000,27.000,15.000,13.000,0.000,0.000,0.000,0.000,0.000,0.000,0.000,0.000
2019.11.18,1,발전량,374.000,16.000,87.000,0.000,87.000,2.000,0.000,0.000,0.000,0.000,0.000,0.000,6.000,17.000,16.000,67.000,87.000,50.000,40.000,45.000,31.000,13.000,2.000,0.000,0.000,0.000,0.000,0.000,0.000,0.000
2019.11.19,1,발전량,"1,206.000",50.000,246.000,0.000,246.000,1.000,0.000,0.000,0.000,0.000,0.000,0.000,13.000,51.000,111.000,158.000,211.000,246.000,207.000,131.000,60.000,17.000,1.000,0.000,0.000,0.000,0.000,0.000,0.000,0.000
2019.11.20,1,발전량,"1,171.000",49.000,245.000,0.000,245.000,2.000,0.000,0.000,0.000,0.000,0.000,0.000,12.000,46.000,96.000,153.000,205.000,245.000,206.000,132.000,58.000,16.000,2.000,0.000,0.000,0.000,0.000,0.000,0.000,0.000
2019.11.21,1,발전량,"1,119.000",47.000,236.000,0.000,236.000,1.000,0.000,0.000,0.000,0.000,0.000,0.000,12.000,43.000,89.000,149.000,198.000,236.000,197.000,125.000,51.000,18.000,1.000,0.000,0.000,0.000,0.000,0.000,0.000,0.000
2019.11.22,1,발전량,"1,059.000",44.000,223.000,0.000,223.000,1.000,0.000,0.000,0.000,0.000,0.000,0.000,10.000,41.000,84.000,141.000,185.000,223.000,185.000,120.000,52.000,17.000,1.000,0.000,0.000,0.000,0.000,0.000,0.000,0.000
2019.11.23,1,발전량,"1,039.000",43.000,219.000,0.000,219.000,2.000,0.000,0.000,0.000,0.000,0.000,0.000,11.000,39.000,84.000,139.000,183.000,219.000,180.000,113.000,53.000,16.000,2.000,0.000,0.000,0.000,0.000,0.000,0.000,0.000
2019.11.24,1,발전량,652.000,27.000,203.000,0.000,203.000,1.000,0.000,0.000,0.000,0.000,0.000,0.000,2.000,24.000,23.000,36.000,82.000,203.000,134.000,81.000,49.000,17.000,1.000,0.000,0.000,0.000,0.000,0.000,0.000,0.000
2019.11.25,1,발전량,528.000,22.000,89.000,0.000,89.000,2.000,0.000,0.000,0.000,0.000,0.000,0.000,10.000,36.000,85.000,86.000,79.000,89.000,55.000,48.000,28.000,10.000,2.000,0.000,0.000,0.000,0.000,0.000,0.000,0.000
2019.11.26,1,발전량,952.000,40.000,216.000,0.000,216.000,2.000,0.000,0.000,0.000,0.000,0.000,0.000,8.000,38.000,82.000,108.000,179.000,216.000,159.000,94.000,49.000,17.000,2.000,0.000,0.000,0.000,0.000,0.000,0.000,0.000
2019.11.27,1,발전량,406.000,17.000,73.000,0.000,73.000,3.000,0.000,0.000,0.000,0.000,0.000,0.000,6.000,38.000,52.000,68.000,73.000,45.000,36.000,43.000,27.000,15.000,3.000,0.000,0.000,0.000,0.000,0.000,0.000,0.000
2019.11.28,1,발전량,661.000,28.000,151.000,0.000,151.000,1.000,0.000,0.000,0.000,0.000,0.000,0.000,9.000,42.000,72.000,95.000,100.000,151.000,90.000,51.000,31.000,19.000,1.000,0.000,0.000,0.000,0.000,0.000,0.000,0.000
2019.11.29,1,발전량,"1,101.000",46.000,238.000,0.000,238.000,2.000,0.000,0.000,0.000,0.000,0.000,0.000,8.000,36.000,81.000,152.000,190.000,238.000,198.000,129.000,52.000,15.000,2.000,0.000,0.000,0.000,0.000,0.000,0.000,0.000
2019.11.30,1,발전량,912.000,38.000,225.000,0.000,225.000,8.000,0.000,0.000,0.000,0.000,0.000,0.000,8.000,33.000,81.000,140.000,182.000,225.000,154.000,36.000,38.000,15.000,0.000,0.000,0.000,0.000,0.000,0.000,0.000,0.000
2019.12.01,1,발전량,152.000,6.000,29.000,0.000,29.000,3.000,0.000,0.000,0.000,0.000,0.000,0.000,6.000,12.000,17.000,21.000,29.000,20.000,21.000,13.000,10.000,3.000,0.000,0.000,0.000,0.000,0.000,0.000,0.000,0.000
2019.12.02,1,발전량,"1,015.000",42.000,235.000,0.000,235.000,1.000,0.000,0.000,0.000,0.000,0.000,0.000,7.000,36.000,79.000,144.000,159.000,235.000,178.000,117.000,44.000,15.000,1.000,0.000,0.000,0.000,0.000,0.000,0.000,0.000
2019.12.03,1,발전량,912.000,38.000,230.000,0.000,230.000,2.000,0.000,0.000,0.000,0.000,0.000,0.000,7.000,31.000,82.000,140.000,182.000,230.000,138.000,58.000,32.000,10.000,2.000,0.000,0.000,0.000,0.000,0.000,0.000,0.000
2019.12.04,1,발전량,990.000,41.000,208.000,0.000,208.000,2.000,0.000,0.000,0.000,0.000,0.000,0.000,7.000,31.000,76.000,135.000,168.000,208.000,175.000,0.000,127.000,48.000,13.000,2.000,0.000,0.000,0.000,0.000,0.000,0.000
2019.12.05,1,발전량,"1,055.000",44.000,233.000,0.000,233.000,2.000,0.000,0.000,0.000,0.000,0.000,0.000,8.000,28.000,80.000,141.000,180.000,233.000,191.000,127.000,50.000,15.000,2.000,0.000,0.000,0.000,0.000,0.000,0.000,0.000
2019.12.06,1,발전량,841.000,35.000,200.000,0.000,200.000,6.000,0.000,0.000,0.000,0.000,0.000,0.000,6.000,20.000,54.000,78.000,146.000,200.000,162.000,108.000,49.000,18.000,0.000,0.000,0.000,0.000,0.000,0.000,0.000,0.000
2019.12.07,1,발전량,"1,072.000",45.000,233.000,0.000,233.000,2.000,0.000,0.000,0.000,0.000,0.000,0.000,7.000,29.000,82.000,147.000,190.000,233.000,188.000,130.000,48.000,16.000,2.000,0.000,0.000,0.000,0.000,0.000,0.000,0.000
2019.12.08,1,발전량,"1,029.000",43.000,223.000,0.000,223.000,3.000,0.000,0.000,0.000,0.000,0.000,0.000,7.000,29.000,77.000,138.000,178.000,223.000,183.000,127.000,49.000,15.000,3.000,0.000,0.000,0.000,0.000,0.000,0.000,0.000
2019.12.09,1,발전량,984.000,41.000,214.000,0.000,214.000,2.000,0.000,0.000,0.000,0.000,0.000,0.000,6.000,27.000,75.000,135.000,175.000,214.000,172.000,116.000,47.000,15.000,2.000,0.000,0.000,0.000,0.000,0.000,0.000,0.000
2019.12.10,1,발전량,819.000,34.000,184.000,0.000,184.000,1.000,0.000,0.000,0.000,0.000,0.000,0.000,4.000,25.000,66.000,99.000,123.000,184.000,151.000,105.000,45.000,16.000,1.000,0.000,0.000,0.000,0.000,0.000,0.000,0.000
2019.12.11,1,발전량,734.000,31.000,178.000,0.000,178.000,1.000,0.000,0.000,0.000,0.000,0.000,0.000,4.000,30.000,65.000,95.000,151.000,178.000,96.000,79.000,19.000,16.000,1.000,0.000,0.000,0.000,0.000,0.000,0.000,0.000
2019.12.12,1,발전량,"1,051.000",44.000,233.000,0.000,233.000,1.000,0.000,0.000,0.000,0.000,0.000,0.000,5.000,23.000,77.000,141.000,183.000,233.000,193.000,131.000,49.000,15.000,1.000,0.000,0.000,0.000,0.000,0.000,0.000,0.000
2019.12.13,1,발전량,744.000,31.000,180.000,0.000,180.000,2.000,0.000,0.000,0.000,0.000,0.000,0.000,7.000,26.000,60.000,105.000,154.000,180.000,84.000,64.000,44.000,18.000,2.000,0.000,0.000,0.000,0.000,0.000,0.000,0.000
2019.12.14,1,발전량,920.000,38.000,191.000,0.000,191.000,2.000,0.000,0.000,0.000,0.000,0.000,0.000,5.000,24.000,65.000,121.000,166.000,191.000,175.000,113.000,45.000,13.000,2.000,0.000,0.000,0.000,0.000,0.000,0.000,0.000
2019.12.15,1,발전량,913.000,38.000,202.000,0.000,202.000,3.000,0.000,0.000,0.000,0.000,0.000,0.000,5.000,24.000,67.000,119.000,166.000,202.000,156.000,111.000,46.000,14.000,3.000,0.000,0.000,0.000,0.000,0.000,0.000,0.000
2019.12.16,1,발전량,780.000,33.000,188.000,0.000,188.000,1.000,0.000,0.000,0.000,0.000,0.000,0.000,5.000,23.000,63.000,114.000,156.000,188.000,133.000,62.000,25.000,10.000,1.000,0.000,0.000,0.000,0.000,0.000,0.000,0.000
2019.12.17,1,발전량,434.000,18.000,112.000,0.000,112.000,4.000,0.000,0.000,0.000,0.000,0.000,0.000,4.000,26.000,33.000,27.000,70.000,39.000,112.000,67.000,39.000,17.000,0.000,0.000,0.000,0.000,0.000,0.000,0.000,0.000
2019.12.18,1,발전량,922.000,38.000,210.000,0.000,210.000,3.000,0.000,0.000,0.000,0.000,0.000,0.000,6.000,25.000,45.000,93.000,172.000,210.000,184.000,120.000,49.000,15.000,3.000,0.000,0.000,0.000,0.000,0.000,0.000,0.000
2019.12.19,1,발전량,977.000,41.000,218.000,0.000,218.000,1.000,0.000,0.000,0.000,0.000,0.000,0.000,4.000,21.000,68.000,127.000,172.000,218.000,190.000,115.000,43.000,18.000,1.000,0.000,0.000,0.000,0.000,0.000,0.000,0.000
2019.12.20,1,발전량,873.000,36.000,200.000,0.000,200.000,4.000,0.000,0.000,0.000,0.000,0.000,0.000,4.000,25.000,66.000,118.000,162.000,200.000,152.000,87.000,41.000,18.000,0.000,0.000,0.000,0.000,0.000,0.000,0.000,0.000
2019.12.21,1,발전량,366.000,15.000,61.000,0.000,61.000,2.000,0.000,0.000,0.000,0.000,0.000,0.000,5.000,18.000,48.000,59.000,58.000,61.000,43.000,25.000,30.000,17.000,2.000,0.000,0.000,0.000,0.000,0.000,0.000,0.000
2019.12.22,1,발전량,348.000,15.000,56.000,0.000,56.000,1.000,0.000,0.000,0.000,0.000,0.000,0.000,2.000,15.000,33.000,56.000,53.000,37.000,38.000,53.000,44.000,16.000,1.000,0.000,0.000,0.000,0.000,0.000,0.000,0.000
2019.12.23,1,발전량,798.000,33.000,174.000,0.000,174.000,2.000,0.000,0.000,0.000,0.000,0.000,0.000,4.000,19.000,58.000,101.000,136.000,174.000,143.000,94.000,49.000,18.000,2.000,0.000,0.000,0.000,0.000,0.000,0.000,0.000
2019.12.24,1,발전량,881.000,37.000,188.000,0.000,188.000,2.000,0.000,0.000,0.000,0.000,0.000,0.000,4.000,25.000,50.000,107.000,138.000,188.000,180.000,117.000,54.000,16.000,2.000,0.000,0.000,0.000,0.000,0.000,0.000,0.000
2019.12.25,1,발전량,873.000,36.000,173.000,0.000,173.000,3.000,0.000,0.000,0.000,0.000,0.000,0.000,5.000,21.000,61.000,116.000,150.000,155.000,173.000,118.000,56.000,15.000,3.000,0.000,0.000,0.000,0.000,0.000,0.000,0.000
2019.12.26,1,발전량,169.000,7.000,31.000,0.000,31.000,2.000,0.000,0.000,0.000,0.000,0.000,0.000,2.000,10.000,22.000,28.000,31.000,25.000,16.000,13.000,11.000,9.000,2.000,0.000,0.000,0.000,0.000,0.000,0.000,0.000
2019.12.27,1,발전량,"1,036.000",43.000,228.000,0.000,228.000,3.000,0.000,0.000,0.000,0.000,0.000,0.000,4.000,18.000,67.000,128.000,177.000,228.000,202.000,137.000,57.000,15.000,3.000,0.000,0.000,0.000,0.000,0.000,0.000,0.000
2019.12.28,1,발전량,973.000,41.000,208.000,0.000,208.000,4.000,0.000,0.000,0.000,0.000,0.000,0.000,5.000,19.000,66.000,120.000,168.000,208.000,187.000,125.000,55.000,16.000,4.000,0.000,0.000,0.000,0.000,0.000,0.000,0.000
2019.12.29,1,발전량,265.000,11.000,50.000,0.000,50.000,1.000,0.000,0.000,0.000,0.000,0.000,0.000,0.000,17.000,28.000,30.000,33.000,50.000,50.000,28.000,19.000,9.000,1.000,0.000,0.000,0.000,0.000,0.000,0.000,0.000
2019.12.30,1,발전량,422.000,18.000,93.000,0.000,93.000,1.000,0.000,0.000,0.000,0.000,0.000,0.000,1.000,8.000,30.000,42.000,47.000,93.000,83.000,56.000,41.000,20.000,1.000,0.000,0.000,0.000,0.000,0.000,0.000,0.000
2019.12.31,1,발전량,"1,089.000",45.000,236.000,0.000,236.000,4.000,0.000,0.000,0.000,0.000,0.000,0.000,5.000,20.000,67.000,133.000,187.000,236.000,213.000,144.000,64.000,16.000,4.000,0.000,0.000,0.000,0.000,0.000,0.000,0.000
