,0th model,1th model,2th model,3th model,4th model,5th model,6th model,7th model,8th model,9th model,10th model,y_test
0,0.0,0.0,137.70502,0.0,0.0,0.0,0.0,0.0,0.0,0.0,0.0,0.0
1,0.0,0.0,0.0,0.0,0.0,0.0,0.0,0.0,0.0,0.0,0.0,0.0
2,0.0,0.0,0.0,0.0,0.0,0.0,0.0,0.0,0.0,0.0,0.0,0.0
3,0.0,0.0,0.0,0.0,0.0,0.0,0.0,0.0,0.0,0.0,0.0,0.0
4,0.0,0.0,0.0,0.0,0.0,0.0,0.0,0.0,0.0,0.0,0.0,0.0
5,0.0,0.0,0.0,0.0,0.0,0.0,0.0,0.0,0.0,0.0,0.0,200.0
6,0.0,0.0,0.0,0.0,0.0,0.0,0.0,0.0,0.0,0.0,0.0,4100.0
7,0.0,0.0,4219.1,0.0,0.0,0.0,0.0,4384.869,6624.5576,4113.5425,0.0,14200.0
8,0.0,0.0,29746.568,0.0,2850.0022,5727.853,0.0,17713.77,20401.021,13194.363,0.0,44800.00000000001
9,0.0,0.0,54551.156,0.0,16147.659,18813.936,0.0,29466.582,32619.799,21397.045,0.0,49500.0
10,0.0,0.0,74739.81,0.0,26427.361,30280.475,0.0,37949.16,41642.37,27580.477,0.0,55300.0
11,0.0,0.0,88684.23,0.0,32790.234,38776.66,0.0,42369.887,46604.62,31060.094,0.0,75200.0
12,0.0,0.0,95660.375,0.0,35163.93,43532.38,0.0,42638.785,47274.004,31598.744,0.0,76800.0
13,0.0,0.0,95523.85,0.0,33941.63,44304.65,0.0,39091.074,43884.15,29332.406,0.0,67000.0
14,0.0,0.0,88680.805,0.0,29735.26,41297.35,0.0,32264.854,36974.86,24674.277,0.0,67900.0
15,0.0,0.0,75807.7,0.0,23255.77,35055.117,0.0,22765.959,27252.258,18227.69,0.0,56400.0
16,0.0,0.0,57538.29,0.0,15273.676,26349.197,0.0,11237.748,15512.258,10726.747,0.0,39000.0
17,0.0,0.0,34283.703,0.0,6618.2593,16089.056,0.0,0.0,2657.3616,3004.4036,0.0,19900.0
18,0.0,0.0,6200.26,0.0,0.0,5277.7725,0.0,0.0,0.0,0.0,0.0,7900.0
19,0.0,0.0,0.0,0.0,0.0,0.0,0.0,0.0,0.0,0.0,0.0,1100.0
20,0.0,0.0,0.0,0.0,0.0,0.0,0.0,0.0,0.0,0.0,0.0,0.0
21,0.0,0.0,0.0,0.0,0.0,0.0,0.0,0.0,0.0,0.0,0.0,0.0
22,0.0,0.0,0.0,0.0,0.0,0.0,0.0,0.0,0.0,0.0,0.0,0.0
23,0.0,0.0,0.0,0.0,0.0,0.0,0.0,0.0,0.0,0.0,0.0,0.0
24,0.0,0.0,0.0,0.0,0.0,0.0,0.0,0.0,0.0,0.0,0.0,0.0
25,0.0,0.0,0.0,0.0,0.0,0.0,0.0,0.0,0.0,0.0,0.0,0.0
26,0.0,0.0,0.0,0.0,0.0,0.0,0.0,0.0,0.0,0.0,0.0,0.0
27,0.0,0.0,0.0,0.0,0.0,0.0,0.0,0.0,0.0,0.0,0.0,0.0
28,0.0,0.0,0.0,0.0,0.0,0.0,0.0,0.0,0.0,0.0,0.0,0.0
29,0.0,0.0,0.0,0.0,0.0,0.0,0.0,0.0,0.0,0.0,0.0,1400.0000000000002
30,0.0,0.0,0.0,0.0,0.0,0.0,0.0,0.0,0.0,0.0,0.0,7299.999999999999
31,0.0,0.0,2821.2617,0.0,810.49963,10266.302,0.0,6146.8345,8500.191,17814.049,0.0,19900.0
32,0.0,0.0,31573.037,0.0,9162.299,24034.746,0.0,23525.256,24772.68,34428.938,0.0,26500.0
33,0.0,0.0,57647.586,0.0,16919.22,36218.02,0.0,37554.25,38429.29,47178.273,0.0,41500.0
34,0.0,0.0,78052.97,0.0,22937.91,45356.465,0.0,46844.766,48169.4,55330.785,0.0,52900.00000000001
35,0.0,0.0,91593.625,0.0,26527.623,50705.066,0.0,51203.656,53431.105,58740.89,0.0,37800.0
36,0.0,0.0,97736.164,0.0,27438.969,52120.664,0.0,51027.043,54158.9,57707.51,0.0,47900.0
37,0.0,0.0,96621.695,0.0,25759.398,49917.156,0.0,46976.543,50685.902,52827.15,0.0,50499.99999999999
38,0.0,0.0,88824.45,0.0,21803.736,44705.555,0.0,39805.016,43624.656,44847.58,0.0,31400.0
39,0.0,0.0,74956.28,0.0,16039.833,37252.4,0.0,30269.1,33758.004,34579.125,0.0,44300.0
40,0.0,0.0,55409.434,0.0,9052.704,28388.879,0.0,19131.334,21989.55,22893.887,0.0,34500.0
41,0.0,0.0,30239.123,0.0,1533.9705,18973.66,0.0,7250.68,9376.523,10805.932,0.0,18000.0
42,0.0,0.0,0.0,0.0,0.0,9884.481,0.0,0.0,0.0,0.0,0.0,7299.999999999999
43,0.0,0.0,0.0,0.0,0.0,2002.9518,0.0,0.0,0.0,0.0,0.0,1500.0
44,0.0,0.0,0.0,0.0,0.0,0.0,0.0,0.0,0.0,0.0,0.0,0.0
45,0.0,0.0,0.0,0.0,0.0,0.0,0.0,0.0,0.0,0.0,0.0,0.0
46,0.0,0.0,0.0,0.0,0.0,0.0,0.0,0.0,0.0,0.0,0.0,0.0
47,0.0,0.0,0.0,0.0,0.0,0.0,0.0,0.0,0.0,3771.6038,0.0,0.0
48,0.0,0.0,1129.4214,0.0,0.0,0.0,0.0,0.0,0.0,0.0,0.0,0.0
49,0.0,0.0,1408.546,0.0,0.0,0.0,0.0,0.0,0.0,0.0,0.0,0.0
50,0.0,0.0,0.0,0.0,0.0,0.0,0.0,0.0,0.0,0.0,0.0,0.0
51,0.0,0.0,0.0,0.0,0.0,0.0,0.0,0.0,0.0,0.0,0.0,0.0
52,0.0,0.0,0.0,0.0,0.0,0.0,0.0,0.0,0.0,0.0,0.0,0.0
53,0.0,0.0,0.0,0.0,0.0,0.0,0.0,0.0,0.0,0.0,0.0,400.0
54,0.0,0.0,0.0,0.0,0.0,0.0,0.0,0.0,0.0,1813.8158,0.0,5300.0
55,0.0,0.0,4477.951,0.0,0.0,4784.5293,0.0,0.0,7131.771,8721.085,0.0,21900.000000000004
56,0.0,0.0,19060.768,0.0,2297.1814,9886.215,0.0,0.0,15107.3125,15322.352,0.0,42600.0
57,0.0,0.0,33451.508,0.0,10328.36,14080.631,0.0,0.0,21725.293,20755.914,0.0,51600.0
58,0.0,0.0,45148.203,0.0,16733.064,16829.826,0.0,0.0,26163.178,24396.81,0.0,51900.00000000001
59,0.0,0.0,52674.64,0.0,20777.648,17851.951,0.0,0.0,27992.992,25914.906,0.0,58900.0
60,0.0,0.0,55450.73,0.0,22189.031,17113.78,0.0,0.0,27130.19,25264.58,0.0,61200.00000000001
61,0.0,0.0,53505.035,0.0,21044.975,14790.399,0.0,0.0,23759.541,22638.744,0.0,56700.0
62,0.0,0.0,47203.227,0.0,17656.154,11208.729,0.0,0.0,18262.387,18410.14,0.0,52900.00000000001
63,0.0,0.0,37048.645,0.0,12483.137,6788.668,0.0,0.0,11162.241,13076.697,0.0,46900.0
64,0.0,0.0,23587.05,0.0,6092.107,1990.8473,0.0,0.0,3098.839,7219.5376,0.0,24400.0
65,0.0,0.0,7433.978,0.0,0.0,0.0,0.0,0.0,0.0,1470.7936,0.0,21700.000000000004
66,0.0,0.0,0.0,0.0,0.0,0.0,0.0,0.0,0.0,0.0,0.0,8600.0
67,0.0,0.0,0.0,0.0,0.0,0.0,0.0,0.0,0.0,0.0,0.0,1000.0
68,0.0,0.0,0.0,0.0,0.0,0.0,0.0,0.0,0.0,0.0,0.0,0.0
69,0.0,0.0,0.0,0.0,0.0,0.0,0.0,0.0,0.0,0.0,0.0,0.0
70,0.0,0.0,0.0,0.0,0.0,0.0,0.0,0.0,0.0,0.0,0.0,0.0
71,0.0,0.0,0.0,0.0,0.0,0.0,0.0,0.0,0.0,0.0,0.0,0.0
72,0.0,0.0,1770.3785,0.0,0.0,0.0,0.0,0.0,0.0,0.0,0.0,0.0
73,0.0,0.0,1179.458,0.0,0.0,0.0,0.0,0.0,0.0,0.0,0.0,0.0
74,0.0,0.0,0.0,0.0,0.0,0.0,0.0,0.0,0.0,0.0,0.0,0.0
75,0.0,0.0,0.0,0.0,0.0,0.0,0.0,0.0,0.0,0.0,0.0,0.0
76,0.0,0.0,0.0,0.0,0.0,0.0,0.0,0.0,0.0,0.0,0.0,0.0
77,0.0,0.0,0.0,0.0,0.0,0.0,0.0,0.0,0.0,0.0,0.0,0.0
78,0.0,0.0,0.0,0.0,0.0,0.0,0.0,0.0,0.0,8452.745,0.0,1200.0
79,0.0,0.0,2386.087,0.0,0.0,8624.069,0.0,7397.6616,18167.668,23742.25,0.0,2500.0
80,0.0,0.0,19269.084,0.0,2544.3267,19916.994,0.0,26295.8,35757.09,37935.61,0.0,3300.0
81,0.0,0.0,35884.355,0.0,9335.561,29485.283,0.0,41651.453,50055.555,49349.055,0.0,11300.000000000002
82,0.0,0.0,49274.023,0.0,14943.318,36242.36,0.0,51815.766,59800.81,57035.875,0.0,13800.0
83,0.0,0.0,57764.6,0.0,18632.492,39665.09,0.0,56592.188,64530.023,60634.316,0.0,12200.0
84,0.0,0.0,60760.883,0.0,20036.389,39705.38,0.0,56514.34,64315.074,60240.816,0.0,8100.0
85,0.0,0.0,58373.797,0.0,19109.26,36678.688,0.0,52375.945,59615.023,56292.48,0.0,4400.0
86,0.0,0.0,51072.754,0.0,16046.425,31147.625,0.0,44999.617,51138.67,49444.27,0.0,2500.0
87,0.0,0.0,39430.035,0.0,11216.191,23818.395,0.0,35145.867,39709.96,40462.14,0.0,3000.0
88,0.0,0.0,23999.943,0.0,5118.1597,15466.0,0.0,23531.316,26209.266,30159.777,0.0,3699.9999999999995
89,0.0,0.0,5356.9575,0.0,0.0,6890.229,0.0,10939.891,11633.242,19392.549,0.0,300.0
90,0.0,0.0,0.0,0.0,0.0,0.0,0.0,0.0,0.0,9100.953,0.0,0.0
91,0.0,0.0,0.0,0.0,0.0,0.0,0.0,0.0,0.0,368.12796,0.0,0.0
92,0.0,0.0,0.0,0.0,0.0,0.0,0.0,0.0,0.0,0.0,0.0,0.0
93,0.0,0.0,0.0,0.0,0.0,0.0,0.0,0.0,0.0,0.0,0.0,0.0
94,0.0,0.0,0.0,0.0,0.0,0.0,0.0,0.0,0.0,0.0,0.0,0.0
95,0.0,0.0,0.0,0.0,0.0,0.0,0.0,0.0,0.0,2636.314,0.0,0.0
96,0.0,0.0,0.0,0.0,0.0,0.0,0.0,0.0,0.0,0.0,0.0,0.0
97,0.0,0.0,0.0,0.0,0.0,0.0,0.0,0.0,0.0,0.0,0.0,0.0
98,0.0,0.0,0.0,0.0,0.0,0.0,0.0,0.0,0.0,0.0,0.0,0.0
99,0.0,0.0,0.0,0.0,0.0,0.0,0.0,0.0,0.0,0.0,0.0,0.0
100,0.0,0.0,0.0,0.0,0.0,0.0,0.0,0.0,0.0,0.0,0.0,0.0
101,0.0,0.0,0.0,0.0,0.0,0.0,0.0,0.0,0.0,0.0,0.0,0.0
102,0.0,0.0,0.0,0.0,0.0,0.0,0.0,0.0,0.0,0.0,0.0,1300.0
103,0.0,0.0,0.0,0.0,0.0,0.0,0.0,1220.1403,0.0,6845.587,0.0,5800.0
104,0.0,0.0,17830.637,0.0,962.1382,1746.1527,0.0,17712.162,8848.622,27032.184,0.0,11300.000000000002
105,0.0,0.0,44616.613,0.0,12997.019,17137.744,0.0,33576.17,18472.555,41097.67,0.0,23400.0
106,0.0,0.0,64850.71,0.0,22705.676,29648.96,0.0,46894.01,24614.256,49193.6,0.0,44600.00000000001
107,0.0,0.0,78496.43,0.0,29044.416,38310.555,0.0,56117.215,27172.803,51610.91,0.0,63500.0
108,0.0,0.0,85264.22,0.0,31730.668,42588.473,0.0,60318.984,26371.611,48759.79,0.0,57800.0
109,0.0,0.0,85070.055,0.0,30975.96,42372.68,0.0,59326.312,22671.828,41219.418,0.0,63900.0
110,0.0,0.0,78373.47,0.0,27258.398,37968.543,0.0,53552.79,16711.002,29805.223,0.0,38600.0
111,0.0,0.0,65977.98,0.0,21192.875,30058.824,0.0,43704.906,9249.73,15727.713,0.0,32400.0
112,0.0,0.0,48752.18,0.0,13478.517,19632.826,0.0,30583.912,1131.9031,835.1991,0.0,19400.0
113,0.0,0.0,27501.682,0.0,4890.6475,7894.96,0.0,15084.461,0.0,0.0,0.0,24300.0
114,0.0,0.0,3024.2112,0.0,0.0,0.0,0.0,0.0,0.0,0.0,0.0,9700.0
115,0.0,0.0,0.0,0.0,0.0,0.0,0.0,0.0,0.0,0.0,0.0,600.0
116,0.0,0.0,0.0,0.0,0.0,0.0,0.0,0.0,0.0,0.0,0.0,0.0
117,0.0,0.0,0.0,0.0,0.0,0.0,0.0,0.0,0.0,0.0,0.0,0.0
118,0.0,0.0,0.0,0.0,0.0,0.0,0.0,0.0,0.0,1394.9105,0.0,0.0
119,0.0,0.0,0.0,0.0,0.0,0.0,0.0,0.0,0.0,10623.702,0.0,0.0
120,0.0,0.0,1283.869,0.0,0.0,2243.2322,0.0,0.0,0.0,0.0,0.0,0.0
121,0.0,0.0,0.0,0.0,0.0,7.188799,0.0,0.0,0.0,0.0,0.0,0.0
122,0.0,0.0,0.0,0.0,0.0,0.0,0.0,0.0,0.0,0.0,0.0,0.0
123,0.0,0.0,0.0,0.0,0.0,0.0,0.0,0.0,0.0,0.0,0.0,0.0
124,0.0,0.0,0.0,0.0,0.0,0.0,0.0,0.0,0.0,0.0,0.0,0.0
125,0.0,0.0,0.0,0.0,0.0,0.0,0.0,0.0,0.0,0.0,0.0,1100.0
126,0.0,0.0,0.0,0.0,0.0,0.0,0.0,0.0,0.0,4549.532,0.0,5000.0
127,0.0,0.0,18734.682,0.0,3757.9353,11398.526,0.0,12004.945,9413.194,18375.006,0.0,14500.0
128,0.0,0.0,57931.402,0.0,11875.19,25455.965,0.0,25710.24,27969.844,30633.9,0.0,42800.0
129,0.0,0.0,88278.875,0.0,19199.121,38619.18,0.0,36842.49,43429.395,39696.695,0.0,57800.0
130,0.0,0.0,115509.08,0.0,24681.93,49116.93,0.0,44185.383,54297.855,44809.81,0.0,72500.0
131,0.0,0.0,137560.6,0.0,27724.744,55888.457,0.0,47431.273,59926.9,45874.086,0.0,76200.0
132,0.0,0.0,149573.92,0.0,28145.318,58517.426,0.0,46806.33,60244.02,43234.523,0.0,61500.0
133,0.0,0.0,149902.36,0.0,26073.113,57107.773,0.0,42803.77,55629.61,37499.656,0.0,48100.0
134,0.0,0.0,139150.97,0.0,21849.432,52130.754,0.0,36027.52,46784.81,29413.023,0.0,51699.99999999999
135,0.0,0.0,117973.99,0.0,15962.919,44275.867,0.0,27121.97,34579.582,19795.133,0.0,20400.0
136,0.0,0.0,86596.57,0.0,9019.443,34347.785,0.0,16779.312,19983.44,9548.864,0.0,11100.000000000002
137,0.0,0.0,45395.73,0.0,1731.3582,23227.926,0.0,5811.795,4133.7324,0.0,0.0,8400.0
138,0.0,0.0,0.0,0.0,0.0,11885.412,0.0,0.0,0.0,0.0,0.0,2000.0
139,0.0,0.0,0.0,0.0,0.0,1398.4175,0.0,0.0,0.0,0.0,0.0,1100.0
140,0.0,0.0,0.0,0.0,0.0,0.0,0.0,0.0,0.0,0.0,0.0,0.0
141,0.0,0.0,0.0,0.0,0.0,0.0,0.0,0.0,0.0,0.0,0.0,0.0
142,0.0,0.0,0.0,0.0,0.0,0.0,0.0,0.0,0.0,0.0,0.0,0.0
143,0.0,0.0,0.0,0.0,0.0,0.0,0.0,0.0,0.0,1351.8663,0.0,0.0
144,0.0,0.0,1359.2261,0.0,0.0,0.0,0.0,0.0,0.0,0.0,0.0,0.0
145,0.0,0.0,5830.173,0.0,0.0,0.0,0.0,0.0,0.0,0.0,0.0,0.0
146,0.0,0.0,4964.209,0.0,0.0,0.0,0.0,0.0,0.0,0.0,0.0,0.0
147,0.0,0.0,603.45245,0.0,0.0,0.0,0.0,0.0,0.0,0.0,0.0,0.0
148,0.0,0.0,0.0,0.0,0.0,0.0,0.0,0.0,0.0,0.0,0.0,0.0
149,0.0,0.0,0.0,0.0,0.0,0.0,0.0,0.0,0.0,0.0,0.0,700.0000000000001
150,0.0,0.0,0.0,0.0,0.0,0.0,0.0,0.0,0.0,2179.951,0.0,9100.0
151,0.0,0.0,580.0356,0.0,1616.6149,4564.089,0.0,12840.175,12241.519,23104.48,0.0,13200.0
152,0.0,0.0,12354.595,0.0,8410.378,20197.195,0.0,26341.191,29080.79,41645.758,0.0,20300.0
153,0.0,0.0,26932.98,0.0,14600.169,33839.965,0.0,37437.82,42688.734,55859.49,0.0,28900.0
154,0.0,0.0,41426.25,0.0,19295.338,43954.465,0.0,44655.062,51945.85,64835.57,0.0,26800.0
155,0.0,0.0,53301.906,0.0,21945.336,49770.996,0.0,47474.746,56455.797,68373.86,0.0,40600.0
156,0.0,0.0,60911.25,0.0,22340.756,51127.535,0.0,45957.508,56300.223,66804.93,0.0,52300.00000000001
157,0.0,0.0,63463.91,0.0,20548.564,48325.934,0.0,40436.395,51911.52,60797.414,0.0,36200.0
158,0.0,0.0,60790.0,0.0,16837.686,41987.684,0.0,31327.326,43952.758,51174.453,0.0,29899.999999999996
159,0.0,0.0,53076.746,0.0,11624.069,32930.008,0.0,19043.47,33209.727,38801.918,0.0,41400.0
160,0.0,0.0,40643.87,0.0,5439.934,22096.176,0.0,4019.376,20558.92,24590.797,0.0,30500.000000000004
161,0.0,0.0,23798.531,0.0,0.0,10543.56,0.0,0.0,7030.0825,9625.151,0.0,19300.0
162,0.0,0.0,2804.1904,0.0,0.0,0.0,0.0,0.0,0.0,0.0,0.0,8300.0
163,0.0,0.0,0.0,0.0,0.0,0.0,0.0,0.0,0.0,0.0,0.0,700.0000000000001
164,0.0,0.0,0.0,0.0,0.0,0.0,0.0,0.0,0.0,0.0,0.0,0.0
165,0.0,0.0,0.0,0.0,0.0,0.0,0.0,0.0,0.0,0.0,0.0,0.0
166,0.0,0.0,0.0,0.0,0.0,0.0,0.0,0.0,0.0,0.0,0.0,0.0
167,0.0,0.0,0.0,0.0,0.0,0.0,0.0,0.0,0.0,3668.592,0.0,0.0
168,0.0,0.0,4123.4043,0.0,0.0,0.0,0.0,0.0,0.0,0.0,0.0,0.0
169,0.0,0.0,4390.9673,0.0,0.0,0.0,0.0,0.0,0.0,0.0,0.0,0.0
170,0.0,0.0,519.29944,0.0,0.0,0.0,0.0,0.0,0.0,0.0,0.0,0.0
171,0.0,0.0,0.0,0.0,0.0,0.0,0.0,0.0,0.0,0.0,0.0,0.0
172,0.0,0.0,0.0,0.0,0.0,0.0,0.0,0.0,0.0,0.0,0.0,0.0
173,0.0,0.0,0.0,0.0,0.0,0.0,0.0,0.0,0.0,0.0,0.0,0.0
174,0.0,0.0,0.0,0.0,0.0,0.0,0.0,0.0,0.0,4396.7407,0.0,2600.0
175,0.0,0.0,5020.443,0.0,0.0,0.0,0.0,0.0,4428.613,12471.784,0.0,4500.0
176,0.0,0.0,19055.404,0.0,8095.53,2948.7563,0.0,0.0,14684.477,20001.82,0.0,6900.0
177,0.0,0.0,33866.1,0.0,17039.672,9225.724,0.0,0.0,23268.766,25732.16,0.0,6600.0
178,0.0,0.0,46748.58,0.0,24040.094,14955.491,0.0,0.0,29153.666,28878.904,0.0,17000.0
179,0.0,0.0,55871.848,0.0,28335.453,19386.652,0.0,213.41959,31820.752,29135.59,0.0,16300.0
180,0.0,0.0,60304.77,0.0,29688.262,22024.863,0.0,184.9167,31171.07,26589.648,0.0,32100.0
181,0.0,0.0,59779.02,0.0,28235.643,22654.45,0.0,0.0,27431.896,21612.797,0.0,22500.000000000004
182,0.0,0.0,54443.34,0.0,24349.043,21317.402,0.0,0.0,21070.39,14766.151,0.0,14000.0
183,0.0,0.0,44660.117,0.0,18545.291,18266.805,0.0,0.0,12725.5205,6742.998,0.0,9100.0
184,0.0,0.0,30865.367,0.0,11445.748,13909.7705,0.0,0.0,3174.1367,0.0,0.0,5000.0
185,0.0,0.0,13521.785,0.0,3764.7148,8751.848,0.0,0.0,0.0,0.0,0.0,4500.0
186,0.0,0.0,0.0,0.0,0.0,3348.304,0.0,0.0,0.0,0.0,0.0,400.0
187,0.0,0.0,0.0,0.0,0.0,0.0,0.0,0.0,0.0,0.0,0.0,0.0
188,0.0,0.0,0.0,0.0,0.0,0.0,0.0,0.0,0.0,0.0,0.0,0.0
189,0.0,0.0,0.0,0.0,0.0,0.0,0.0,0.0,0.0,0.0,0.0,0.0
190,0.0,0.0,0.0,0.0,0.0,0.0,0.0,0.0,0.0,0.0,0.0,0.0
191,0.0,0.0,0.0,0.0,0.0,0.0,0.0,0.0,0.0,0.0,0.0,0.0
192,0.0,0.0,3531.5537,0.0,0.0,0.0,0.0,0.0,0.0,0.0,0.0,0.0
193,0.0,0.0,4732.8706,0.0,0.0,0.0,0.0,0.0,0.0,0.0,0.0,0.0
194,0.0,0.0,612.22534,0.0,0.0,0.0,0.0,0.0,0.0,0.0,0.0,0.0
195,0.0,0.0,0.0,0.0,0.0,0.0,0.0,0.0,0.0,0.0,0.0,0.0
196,0.0,0.0,0.0,0.0,0.0,0.0,0.0,0.0,0.0,0.0,0.0,0.0
197,0.0,0.0,0.0,0.0,0.0,0.0,0.0,0.0,0.0,0.0,0.0,400.0
198,0.0,0.0,0.0,0.0,0.0,0.0,0.0,0.0,0.0,0.0,0.0,2800.0000000000005
199,0.0,0.0,4167.4565,0.0,0.0,0.0,0.0,1473.4054,1926.6611,4844.1636,0.0,5100.0
200,0.0,0.0,19637.578,0.0,1309.7361,10659.191,0.0,19342.55,14912.008,17402.459,0.0,11700.0
201,0.0,0.0,35794.65,0.0,13178.268,27876.205,0.0,34390.844,26106.207,27674.44,0.0,21900.000000000004
202,0.0,0.0,49729.176,0.0,22338.281,42749.844,0.0,44949.54,34278.848,34536.723,0.0,14799.999999999998
203,0.0,0.0,59642.918,0.0,27971.656,53827.348,0.0,50492.348,38857.08,37569.957,0.0,12900.0
204,0.0,0.0,64727.348,0.0,29980.207,60306.016,0.0,51170.086,39757.18,36886.22,0.0,24100.0
205,0.0,0.0,64848.715,0.0,28695.36,61942.87,0.0,47513.4,37253.07,32962.62,0.0,18200.0
206,0.0,0.0,60284.066,0.0,24666.783,58986.01,0.0,40231.82,31867.396,26508.75,0.0,13200.0
207,0.0,0.0,51508.703,0.0,18552.062,52060.25,0.0,30087.004,24284.65,18391.27,0.0,15500.000000000002
208,0.0,0.0,39048.77,0.0,11075.062,42025.64,0.0,17885.975,15305.983,9608.776,0.0,10600.0
209,0.0,0.0,23427.447,0.0,3018.328,29885.045,0.0,4614.826,5847.937,1275.4279,0.0,4700.0
210,0.0,0.0,5224.2217,0.0,0.0,16777.186,0.0,0.0,0.0,0.0,0.0,2100.0
211,0.0,0.0,0.0,0.0,0.0,4018.4438,0.0,0.0,0.0,0.0,0.0,700.0000000000001
212,0.0,0.0,0.0,0.0,0.0,0.0,0.0,0.0,0.0,0.0,0.0,0.0
213,0.0,0.0,0.0,0.0,0.0,0.0,0.0,0.0,0.0,0.0,0.0,0.0
214,0.0,0.0,0.0,0.0,0.0,0.0,0.0,0.0,0.0,0.0,0.0,0.0
215,0.0,0.0,0.0,0.0,0.0,0.0,0.0,0.0,0.0,3814.3396,0.0,0.0
216,0.0,0.0,2071.2485,0.0,0.0,3721.698,0.0,0.0,0.0,0.0,0.0,0.0
217,0.0,0.0,5060.558,0.0,0.0,4558.485,0.0,0.0,0.0,0.0,0.0,0.0
218,0.0,0.0,3368.3792,0.0,0.0,0.0,0.0,0.0,0.0,0.0,0.0,0.0
219,0.0,0.0,0.0,0.0,0.0,0.0,0.0,0.0,0.0,0.0,0.0,0.0
220,0.0,0.0,0.0,0.0,0.0,0.0,0.0,0.0,0.0,0.0,0.0,0.0
221,0.0,0.0,0.0,0.0,0.0,0.0,0.0,0.0,0.0,0.0,0.0,500.0
222,0.0,0.0,0.0,0.0,0.0,0.0,0.0,0.0,0.0,874.84064,0.0,7700.000000000001
223,0.0,0.0,4313.5522,0.0,0.0,973.4663,0.0,7040.6606,5102.08,13885.599,0.0,18600.0
224,0.0,0.0,14835.817,0.0,2349.6646,16166.553,0.0,18692.766,19310.406,26549.998,0.0,14500.0
225,0.0,0.0,26671.168,0.0,12976.506,32072.457,0.0,28415.34,31653.586,36847.305,0.0,22800.0
226,0.0,0.0,37653.945,0.0,21116.316,46303.76,0.0,35081.277,40684.742,43543.016,0.0,34500.0
227,0.0,0.0,46092.46,0.0,26029.725,57151.19,0.0,38183.484,45667.152,46121.47,0.0,23900.0
228,0.0,0.0,50978.8,0.0,27607.684,63570.89,0.0,37691.83,46400.742,44643.055,0.0,46400.0
229,0.0,0.0,51906.395,0.0,26135.469,65141.375,0.0,33923.836,43099.6,39573.035,0.0,25200.0
230,0.0,0.0,48896.305,0.0,22112.867,61992.582,0.0,27417.846,36279.832,31630.885,0.0,20700.0
231,0.0,0.0,42228.715,0.0,16155.491,54669.62,0.0,18832.768,26657.28,21707.15,0.0,19600.0
232,0.0,0.0,32318.375,0.0,8954.361,43970.56,0.0,8908.7705,15098.024,10856.35,0.0,28200.0
233,0.0,0.0,19657.85,0.0,1264.9681,30841.191,0.0,0.0,2643.4958,326.69833,0.0,14100.0
234,0.0,0.0,4845.0605,0.0,0.0,16367.541,0.0,0.0,0.0,0.0,0.0,6500.0
235,0.0,0.0,0.0,0.0,0.0,1842.121,0.0,0.0,0.0,0.0,0.0,1800.0
236,0.0,0.0,0.0,0.0,0.0,0.0,0.0,0.0,0.0,0.0,0.0,0.0
237,0.0,0.0,0.0,0.0,0.0,0.0,0.0,0.0,0.0,0.0,0.0,0.0
238,0.0,0.0,0.0,0.0,0.0,0.0,0.0,0.0,0.0,0.0,0.0,0.0
239,0.0,0.0,0.0,0.0,0.0,0.0,0.0,0.0,0.0,4671.3467,0.0,0.0
240,0.0,0.0,3286.9702,0.0,0.0,0.0,0.0,0.0,0.0,0.0,0.0,0.0
241,0.0,0.0,5553.582,0.0,0.0,0.0,0.0,0.0,0.0,0.0,0.0,0.0
242,0.0,0.0,3490.5852,0.0,0.0,0.0,0.0,0.0,0.0,0.0,0.0,0.0
243,0.0,0.0,0.0,0.0,0.0,0.0,0.0,0.0,0.0,0.0,0.0,0.0
244,0.0,0.0,0.0,0.0,0.0,0.0,0.0,0.0,0.0,0.0,0.0,0.0
245,0.0,0.0,0.0,0.0,0.0,0.0,0.0,0.0,0.0,0.0,0.0,0.0
246,0.0,0.0,0.0,0.0,0.0,0.0,0.0,0.0,0.0,1291.9379,0.0,1500.0
247,0.0,0.0,4368.4507,0.0,0.0,0.0,0.0,2842.8562,6897.1357,9661.265,0.0,4300.0
248,0.0,0.0,16630.893,0.0,5224.8584,5682.588,0.0,11246.585,16811.424,17768.953,0.0,6200.0
249,0.0,0.0,30718.674,0.0,13422.232,12654.75,0.0,18444.658,25148.79,24389.582,0.0,17500.0
250,0.0,0.0,43986.434,0.0,19771.08,18341.004,0.0,23508.375,30932.197,28707.186,0.0,11300.000000000002
251,0.0,0.0,54325.848,0.0,23602.314,22124.879,0.0,25978.467,33676.363,30341.906,0.0,9600.0
252,0.0,0.0,60458.734,0.0,24717.67,23709.06,0.0,25787.578,33298.6,29295.215,0.0,10600.0
253,0.0,0.0,61825.7,0.0,23258.93,23089.36,0.0,23144.793,30022.656,25863.174,0.0,11800.0
254,0.0,0.0,58369.508,0.0,19585.117,20501.068,0.0,18433.572,24291.02,20548.69,0.0,7700.000000000001
255,0.0,0.0,50326.285,0.0,14192.406,16353.631,0.0,12146.933,16699.053,13993.989,0.0,3699.9999999999995
256,0.0,0.0,38055.97,0.0,7673.9497,11166.859,0.0,4866.2197,7964.1025,6938.735,0.0,3699.9999999999995
257,0.0,0.0,21942.947,0.0,703.0828,5516.5083,0.0,0.0,0.0,189.20825,0.0,3500.0
258,0.0,0.0,2398.728,0.0,0.0,0.0,0.0,0.0,0.0,0.0,0.0,2100.0
259,0.0,0.0,0.0,0.0,0.0,0.0,0.0,0.0,0.0,0.0,0.0,900.0
260,0.0,0.0,0.0,0.0,0.0,0.0,0.0,0.0,0.0,0.0,0.0,0.0
261,0.0,0.0,0.0,0.0,0.0,0.0,0.0,0.0,0.0,0.0,0.0,0.0
262,0.0,0.0,0.0,0.0,0.0,0.0,0.0,0.0,0.0,0.0,0.0,0.0
263,0.0,0.0,0.0,0.0,0.0,0.0,0.0,0.0,0.0,0.0,0.0,0.0
264,0.0,0.0,3339.6997,0.0,0.0,0.0,0.0,0.0,0.0,0.0,0.0,0.0
265,0.0,0.0,4947.535,0.0,0.0,0.0,0.0,0.0,0.0,0.0,0.0,0.0
266,0.0,0.0,1064.0482,0.0,0.0,0.0,0.0,0.0,0.0,0.0,0.0,0.0
267,0.0,0.0,0.0,0.0,0.0,0.0,0.0,0.0,0.0,0.0,0.0,0.0
268,0.0,0.0,0.0,0.0,0.0,0.0,0.0,0.0,0.0,0.0,0.0,0.0
269,0.0,0.0,0.0,0.0,0.0,0.0,0.0,0.0,0.0,0.0,0.0,400.0
270,0.0,0.0,0.0,0.0,0.0,0.0,0.0,0.0,0.0,0.0,0.0,4100.0
271,0.0,0.0,7607.87,0.0,0.0,0.0,0.0,881.0037,3856.9084,6870.9966,0.0,13300.0
272,0.0,0.0,27412.434,0.0,1615.6176,0.0,0.0,11698.617,16778.771,15813.882,0.0,29499.999999999996
273,0.0,0.0,48102.836,0.0,13642.087,5470.608,0.0,21065.312,28166.996,23580.484,0.0,54500.0
274,0.0,0.0,65888.5,0.0,23031.355,12200.367,0.0,27786.742,36603.156,29141.96,0.0,48100.0
275,0.0,0.0,78638.45,0.0,28925.18,17392.844,0.0,31302.85,41332.22,31942.736,0.0,59799.99999999999
276,0.0,0.0,85422.586,0.0,31200.395,20533.842,0.0,31544.254,42136.258,31860.77,0.0,68100.0
277,0.0,0.0,86040.414,0.0,30175.684,21430.646,0.0,28777.145,39209.54,29119.121,0.0,63900.0
278,0.0,0.0,80780.05,0.0,26393.297,20173.543,0.0,23471.688,33038.3,24188.465,0.0,50800.0
279,0.0,0.0,70175.05,0.0,20503.162,17075.105,0.0,16209.45,24294.404,17707.791,0.0,55000.0
280,0.0,0.0,54769.754,0.0,13217.674,12602.455,0.0,7644.0806,13776.278,10434.115,0.0,34800.0
281,0.0,0.0,34976.79,0.0,5302.2407,7314.1377,0.0,0.0,2415.7297,3210.9192,0.0,11000.000000000002
282,0.0,0.0,11062.284,0.0,0.0,1806.2511,0.0,0.0,0.0,0.0,0.0,1600.0
283,0.0,0.0,0.0,0.0,0.0,0.0,0.0,0.0,0.0,0.0,0.0,0.0
284,0.0,0.0,0.0,0.0,0.0,0.0,0.0,0.0,0.0,0.0,0.0,0.0
285,0.0,0.0,0.0,0.0,0.0,0.0,0.0,0.0,0.0,0.0,0.0,0.0
286,0.0,0.0,0.0,0.0,0.0,0.0,0.0,0.0,0.0,0.0,0.0,0.0
287,0.0,0.0,0.0,0.0,0.0,0.0,0.0,0.0,0.0,0.0,0.0,0.0
288,0.0,0.0,4092.4705,0.0,0.0,0.0,0.0,0.0,0.0,0.0,0.0,0.0
289,0.0,0.0,7358.1836,0.0,0.0,0.0,0.0,0.0,0.0,0.0,0.0,0.0
290,0.0,0.0,5872.871,0.0,0.0,0.0,0.0,0.0,0.0,0.0,0.0,0.0
291,0.0,0.0,1485.6411,0.0,0.0,0.0,0.0,0.0,0.0,0.0,0.0,0.0
292,0.0,0.0,0.0,0.0,0.0,0.0,0.0,0.0,0.0,0.0,0.0,0.0
293,0.0,0.0,0.0,0.0,0.0,0.0,0.0,0.0,0.0,0.0,0.0,400.0
294,0.0,0.0,0.0,0.0,0.0,0.0,0.0,0.0,0.0,0.0,0.0,4600.0
295,0.0,0.0,2162.127,0.0,0.0,0.0,0.0,1671.8251,7472.083,9887.975,0.0,20100.0
296,0.0,0.0,13338.384,0.0,2335.1455,9813.158,0.0,9269.114,17736.39,18935.447,0.0,37100.0
297,0.0,0.0,27086.283,0.0,9368.626,19870.125,0.0,15568.728,26082.17,25875.91,0.0,50200.0
298,0.0,0.0,40755.406,0.0,14928.269,27826.297,0.0,19878.416,31728.877,30085.871,0.0,62400.00000000001
299,0.0,0.0,52003.41,0.0,18382.305,32934.47,0.0,21915.857,34363.25,31409.34,0.0,49300.0
300,0.0,0.0,59285.973,0.0,19491.021,34921.84,0.0,21719.11,34024.156,30044.77,0.0,52100.00000000001
301,0.0,0.0,61846.68,0.0,18321.977,33911.918,0.0,19545.45,31009.385,26433.648,0.0,47400.0
302,0.0,0.0,59506.832,0.0,15155.018,30323.121,0.0,15786.042,25800.281,21168.496,0.0,57700.0
303,0.0,0.0,52436.176,0.0,10411.887,24762.494,0.0,10907.086,19006.834,14930.11,0.0,45600.0
304,0.0,0.0,40960.41,0.0,4615.1206,17936.795,0.0,5418.536,11339.17,8448.366,0.0,22000.000000000004
305,0.0,0.0,25436.648,0.0,0.0,10591.254,0.0,0.0,3597.7456,2466.1692,0.0,12600.0
306,0.0,0.0,6226.8184,0.0,0.0,3467.9456,0.0,0.0,0.0,0.0,0.0,6500.0
307,0.0,0.0,0.0,0.0,0.0,0.0,0.0,0.0,0.0,0.0,0.0,800.0
308,0.0,0.0,0.0,0.0,0.0,0.0,0.0,0.0,0.0,0.0,0.0,0.0
309,0.0,0.0,0.0,0.0,0.0,0.0,0.0,0.0,0.0,0.0,0.0,0.0
310,0.0,0.0,0.0,0.0,0.0,0.0,0.0,0.0,0.0,0.0,0.0,0.0
311,0.0,0.0,0.0,0.0,0.0,0.0,0.0,0.0,0.0,1914.9648,0.0,0.0
312,0.0,0.0,2401.0068,0.0,0.0,0.0,0.0,0.0,0.0,0.0,0.0,0.0
313,0.0,0.0,1851.117,0.0,0.0,0.0,0.0,0.0,0.0,0.0,0.0,0.0
314,0.0,0.0,0.0,0.0,0.0,0.0,0.0,0.0,0.0,0.0,0.0,0.0
315,0.0,0.0,0.0,0.0,0.0,0.0,0.0,0.0,0.0,0.0,0.0,0.0
316,0.0,0.0,0.0,0.0,0.0,0.0,0.0,0.0,0.0,0.0,0.0,0.0
317,0.0,0.0,0.0,0.0,0.0,0.0,0.0,0.0,0.0,0.0,0.0,400.0
318,0.0,0.0,0.0,0.0,0.0,0.0,0.0,0.0,0.0,677.7904,0.0,4700.0
319,0.0,0.0,0.0,0.0,0.0,0.0,0.0,4264.527,10388.752,17064.723,0.0,7700.000000000001
320,0.0,0.0,17350.723,0.0,1007.2613,9357.259,0.0,18219.033,25435.328,32137.44,0.0,29199.999999999996
321,0.0,0.0,34591.82,0.0,8617.657,20687.217,0.0,29787.16,38139.73,44124.09,0.0,28200.0
322,0.0,0.0,48539.6,0.0,14776.134,29888.05,0.0,37695.562,47188.3,52076.26,0.0,29100.0
323,0.0,0.0,57555.09,0.0,18750.52,36058.2,0.0,41535.19,51943.38,55659.938,0.0,42000.0
324,0.0,0.0,61080.81,0.0,20238.244,38826.1,0.0,41457.984,52268.492,55027.62,0.0,41400.0
325,0.0,0.0,59250.586,0.0,19277.342,38270.516,0.0,37946.637,48419.92,50684.453,0.0,26800.0
326,0.0,0.0,52561.312,0.0,16140.0625,34809.734,0.0,31649.09,40941.227,43346.453,0.0,13400.0
327,0.0,0.0,41629.4,0.0,11253.172,29079.883,0.0,23272.16,30559.69,33837.273,0.0,6500.0
328,0.0,0.0,27068.402,0.0,5152.659,21832.514,0.0,13546.695,18137.225,23055.139,0.0,3400.0
329,0.0,0.0,9510.697,0.0,0.0,13868.3545,0.0,3262.9053,4705.986,12007.188,0.0,900.0
330,0.0,0.0,0.0,0.0,0.0,5998.917,0.0,0.0,0.0,1870.9854,0.0,200.0
331,0.0,0.0,0.0,0.0,0.0,0.0,0.0,0.0,0.0,0.0,0.0,0.0
332,0.0,0.0,0.0,0.0,0.0,0.0,0.0,0.0,0.0,0.0,0.0,0.0
333,0.0,0.0,0.0,0.0,0.0,0.0,0.0,0.0,0.0,0.0,0.0,0.0
334,0.0,0.0,0.0,0.0,0.0,0.0,0.0,0.0,0.0,0.0,0.0,0.0
335,0.0,0.0,0.0,0.0,0.0,0.0,0.0,0.0,0.0,4213.1147,0.0,0.0
336,0.0,0.0,1547.5695,0.0,0.0,0.0,0.0,0.0,0.0,0.0,0.0,0.0
337,0.0,0.0,0.0,0.0,0.0,0.0,0.0,0.0,0.0,0.0,0.0,0.0
338,0.0,0.0,0.0,0.0,0.0,0.0,0.0,0.0,0.0,0.0,0.0,0.0
339,0.0,0.0,0.0,0.0,0.0,0.0,0.0,0.0,0.0,0.0,0.0,0.0
340,0.0,0.0,0.0,0.0,0.0,0.0,0.0,0.0,0.0,0.0,0.0,0.0
341,0.0,0.0,0.0,0.0,0.0,0.0,0.0,0.0,0.0,0.0,0.0,0.0
342,0.0,0.0,0.0,0.0,0.0,0.0,0.0,0.0,0.0,0.0,0.0,0.0
343,0.0,0.0,364.03183,0.0,0.0,0.0,0.0,0.0,2222.6921,3618.331,0.0,900.0
344,0.0,0.0,20230.547,0.0,5241.481,0.0,0.0,6234.823,13603.235,9539.705,0.0,4900.0
345,0.0,0.0,39243.15,0.0,15139.1455,8282.272,0.0,13783.964,23396.889,14195.907,0.0,9800.0
346,0.0,0.0,54495.258,0.0,22958.584,15782.678,0.0,19538.201,30410.76,16870.654,0.0,13500.0
347,0.0,0.0,64590.1,0.0,27886.615,20928.662,0.0,22875.494,34030.098,17250.846,0.0,25300.0
348,0.0,0.0,69056.25,0.0,29697.232,23351.168,0.0,23578.438,34112.63,15372.857,0.0,29699.999999999996
349,0.0,0.0,67981.086,0.0,28565.584,23021.625,0.0,21752.879,30879.23,11535.945,0.0,41500.0
350,0.0,0.0,61798.152,0.0,24902.766,20205.797,0.0,17726.158,24811.652,6222.3774,0.0,24900.0
351,0.0,0.0,51092.434,0.0,19255.018,15397.531,0.0,11962.999,16566.066,39.96004,0.0,8400.0
352,0.0,0.0,36456.598,0.0,12258.056,9242.946,0.0,5019.295,6922.9917,0.0,0.0,17300.0
353,0.0,0.0,18449.191,0.0,4623.7935,2467.5837,0.0,0.0,0.0,0.0,0.0,14100.0
354,0.0,0.0,0.0,0.0,0.0,0.0,0.0,0.0,0.0,0.0,0.0,2200.0
355,0.0,0.0,0.0,0.0,0.0,0.0,0.0,0.0,0.0,0.0,0.0,500.0
356,0.0,0.0,0.0,0.0,0.0,0.0,0.0,0.0,0.0,0.0,0.0,0.0
357,0.0,0.0,0.0,0.0,0.0,0.0,0.0,0.0,0.0,0.0,0.0,0.0
358,0.0,0.0,0.0,0.0,0.0,0.0,0.0,0.0,0.0,0.0,0.0,0.0
359,0.0,0.0,0.0,0.0,0.0,0.0,0.0,0.0,0.0,0.0,0.0,0.0
360,0.0,0.0,5444.2754,0.0,0.0,2620.922,0.0,0.0,0.0,0.0,0.0,0.0
361,0.0,0.0,3722.4958,0.0,0.0,0.0,0.0,0.0,0.0,0.0,0.0,0.0
362,0.0,0.0,0.0,0.0,0.0,0.0,0.0,0.0,0.0,0.0,0.0,0.0
363,0.0,0.0,0.0,0.0,0.0,0.0,0.0,0.0,0.0,0.0,0.0,0.0
364,0.0,0.0,0.0,0.0,0.0,0.0,0.0,0.0,0.0,0.0,0.0,0.0
365,0.0,0.0,0.0,0.0,0.0,0.0,0.0,0.0,0.0,0.0,0.0,300.0
366,0.0,0.0,0.0,0.0,0.0,0.0,0.0,0.0,0.0,0.0,0.0,5600.000000000001
367,0.0,0.0,10288.782,0.0,0.0,7126.8965,0.0,10334.266,8277.156,14995.605,0.0,12200.0
368,0.0,0.0,33311.523,0.0,6024.6035,24259.62,0.0,27649.38,24988.006,34733.58,0.0,22100.000000000004
369,0.0,0.0,55072.17,0.0,13178.753,39932.668,0.0,41635.965,38669.492,50089.953,0.0,28200.0
370,0.0,0.0,72327.9,0.0,18567.088,52285.867,0.0,51103.43,48210.957,60252.023,0.0,32800.0
371,0.0,0.0,83689.3,0.0,21647.084,60228.832,0.0,55691.82,53169.45,64948.367,0.0,48700.0
372,0.0,0.0,88701.695,0.0,22277.055,63322.53,0.0,55549.82,53533.74,64432.117,0.0,38200.0
373,0.0,0.0,87461.7,0.0,20608.473,61689.215,0.0,51183.445,49633.023,59350.473,0.0,42600.0
374,0.0,0.0,80440.22,0.0,16986.002,55875.047,0.0,43301.688,42062.113,50556.14,0.0,30200.000000000004
375,0.0,0.0,68248.66,0.0,11880.817,46677.6,0.0,32688.035,31600.537,38982.355,0.0,28600.0
376,0.0,0.0,51436.4,0.0,5854.523,35016.832,0.0,20163.389,19177.053,25643.43,0.0,21100.0
377,0.0,0.0,30404.754,0.0,0.0,21895.014,0.0,6666.3145,5910.529,11757.26,0.0,16000.0
378,0.0,0.0,5464.423,0.0,0.0,8428.197,0.0,0.0,0.0,0.0,0.0,8000.0
379,0.0,0.0,0.0,0.0,0.0,0.0,0.0,0.0,0.0,0.0,0.0,400.0
380,0.0,0.0,0.0,0.0,0.0,0.0,0.0,0.0,0.0,0.0,0.0,0.0
381,0.0,0.0,0.0,0.0,0.0,0.0,0.0,0.0,0.0,0.0,0.0,0.0
382,0.0,0.0,0.0,0.0,0.0,0.0,0.0,0.0,0.0,0.0,0.0,0.0
383,0.0,0.0,0.0,0.0,0.0,0.0,0.0,0.0,0.0,7529.35,0.0,0.0
384,0.0,0.0,181.72107,0.0,0.0,0.0,0.0,0.0,0.0,0.0,0.0,0.0
385,0.0,0.0,0.0,0.0,0.0,0.0,0.0,0.0,0.0,0.0,0.0,0.0
386,0.0,0.0,0.0,0.0,0.0,0.0,0.0,0.0,0.0,0.0,0.0,0.0
387,0.0,0.0,0.0,0.0,0.0,0.0,0.0,0.0,0.0,0.0,0.0,0.0
388,0.0,0.0,0.0,0.0,0.0,0.0,0.0,0.0,0.0,0.0,0.0,0.0
389,0.0,0.0,0.0,0.0,0.0,0.0,0.0,0.0,0.0,0.0,0.0,100.0
390,0.0,0.0,0.0,0.0,0.0,0.0,0.0,0.0,0.0,3189.823,0.0,700.0000000000001
391,0.0,0.0,3898.8113,0.0,0.0,0.0,0.0,5459.0737,8212.2,10000.852,0.0,1900.0000000000002
392,0.0,0.0,35164.4,0.0,1937.3593,4376.681,0.0,12255.0625,21873.645,15878.672,0.0,4000.0
393,0.0,0.0,62980.914,0.0,6801.825,12579.891,0.0,17928.03,33244.28,20061.793,0.0,5500.000000000001
394,0.0,0.0,84479.16,0.0,10682.908,19307.314,0.0,21760.195,41127.93,22159.504,0.0,2700.0
395,0.0,0.0,98921.086,0.0,13078.437,23880.994,0.0,23413.646,44982.13,22115.525,0.0,4300.0
396,0.0,0.0,105749.195,0.0,13740.093,25998.994,0.0,22861.959,44754.68,20132.254,0.0,4600.0
397,0.0,0.0,104804.96,0.0,12649.58,25690.383,0.0,20300.768,40758.094,16589.98,0.0,4100.0
398,0.0,0.0,96560.48,0.0,9973.297,23243.678,0.0,16070.418,33556.85,11978.278,0.0,3800.0000000000005
399,0.0,0.0,81792.98,0.0,6019.241,19127.479,0.0,10603.481,23872.635,6844.5903,0.0,1800.0
400,0.0,0.0,61211.406,0.0,1205.0272,13917.958,0.0,4398.92,12541.517,1754.6465,0.0,1000.0
401,0.0,0.0,35259.168,0.0,0.0,8239.82,0.0,0.0,538.05676,0.0,0.0,1000.0
402,0.0,0.0,4076.3398,0.0,0.0,2717.751,0.0,0.0,0.0,0.0,0.0,0.0
403,0.0,0.0,0.0,0.0,0.0,0.0,0.0,0.0,0.0,0.0,0.0,0.0
404,0.0,0.0,0.0,0.0,0.0,0.0,0.0,0.0,0.0,0.0,0.0,0.0
405,0.0,0.0,0.0,0.0,0.0,0.0,0.0,0.0,0.0,0.0,0.0,0.0
406,0.0,0.0,0.0,0.0,0.0,0.0,0.0,0.0,0.0,0.0,0.0,0.0
407,0.0,0.0,0.0,0.0,0.0,0.0,0.0,0.0,0.0,0.0,0.0,0.0
408,0.0,0.0,0.0,0.0,0.0,0.0,0.0,0.0,0.0,0.0,0.0,0.0
409,0.0,0.0,0.0,0.0,0.0,0.0,0.0,0.0,0.0,0.0,0.0,0.0
410,0.0,0.0,0.0,0.0,0.0,0.0,0.0,0.0,0.0,0.0,0.0,0.0
411,0.0,0.0,0.0,0.0,0.0,0.0,0.0,0.0,0.0,0.0,0.0,0.0
412,0.0,0.0,0.0,0.0,0.0,0.0,0.0,0.0,0.0,0.0,0.0,0.0
413,0.0,0.0,0.0,0.0,0.0,0.0,0.0,0.0,0.0,0.0,0.0,0.0
414,0.0,0.0,0.0,0.0,0.0,0.0,0.0,0.0,0.0,0.0,0.0,0.0
415,0.0,0.0,0.0,0.0,0.0,0.0,0.0,0.0,7934.813,7740.7515,0.0,0.0
416,0.0,0.0,18852.225,0.0,2750.1462,0.0,0.0,21.515484,31175.969,21272.537,0.0,400.0
417,0.0,0.0,42145.715,0.0,14299.322,3935.045,0.0,7303.29,49764.297,30681.79,0.0,1200.0
418,0.0,0.0,59782.91,0.0,23440.898,12193.799,0.0,13218.757,62263.863,35300.297,0.0,4300.0
419,0.0,0.0,70979.72,0.0,29245.71,18342.357,0.0,17100.299,68064.69,35130.33,0.0,4300.0
420,0.0,0.0,75588.24,0.0,31498.201,21858.736,0.0,18650.885,67129.06,30618.088,0.0,6000.0
421,0.0,0.0,73963.95,0.0,30438.81,22585.023,0.0,17886.877,59964.723,22501.43,0.0,3699.9999999999995
422,0.0,0.0,66807.09,0.0,26554.057,20685.053,0.0,15052.798,47517.71,11740.156,0.0,2000.0
423,0.0,0.0,54930.027,0.0,20458.906,16580.834,0.0,10541.663,30952.12,0.0,0.0,5300.0
424,0.0,0.0,39120.46,0.0,12849.902,10877.793,0.0,4840.7,11546.083,0.0,0.0,2800.0000000000005
425,0.0,0.0,20164.715,0.0,4497.546,4290.449,0.0,0.0,0.0,0.0,0.0,1200.0
426,0.0,0.0,0.0,0.0,0.0,0.0,0.0,0.0,0.0,0.0,0.0,400.0
427,0.0,0.0,0.0,0.0,0.0,0.0,0.0,0.0,0.0,0.0,0.0,0.0
428,0.0,0.0,0.0,0.0,0.0,0.0,0.0,0.0,0.0,0.0,0.0,0.0
429,0.0,0.0,0.0,0.0,0.0,0.0,0.0,0.0,0.0,0.0,0.0,0.0
430,0.0,0.0,0.0,0.0,0.0,0.0,0.0,0.0,0.0,0.0,0.0,0.0
431,0.0,0.0,0.0,0.0,0.0,0.0,0.0,0.0,0.0,0.0,0.0,0.0
432,0.0,0.0,2541.1016,0.0,0.0,0.0,0.0,0.0,0.0,0.0,0.0,0.0
433,0.0,0.0,0.0,0.0,0.0,0.0,0.0,0.0,0.0,0.0,0.0,0.0
434,0.0,0.0,0.0,0.0,0.0,0.0,0.0,0.0,0.0,0.0,0.0,0.0
435,0.0,0.0,0.0,0.0,0.0,0.0,0.0,0.0,0.0,0.0,0.0,0.0
436,0.0,0.0,0.0,0.0,0.0,0.0,0.0,0.0,0.0,0.0,0.0,0.0
437,0.0,0.0,0.0,0.0,0.0,0.0,0.0,0.0,0.0,0.0,0.0,400.0
438,0.0,0.0,0.0,0.0,0.0,0.0,0.0,0.0,0.0,0.0,0.0,3200.0
439,0.0,0.0,0.0,0.0,0.0,0.0,0.0,8992.305,7875.151,21056.72,0.0,6900.0
440,0.0,0.0,25823.979,0.0,1793.6428,2891.9482,0.0,24443.969,37361.902,53197.71,0.0,12100.0
441,0.0,0.0,49164.184,0.0,15757.617,16873.908,0.0,37859.156,61807.555,78814.56,0.0,31800.0
442,0.0,0.0,66908.086,0.0,26521.559,29990.605,0.0,47503.09,79632.0,95991.14,0.0,31700.0
443,0.0,0.0,78147.76,0.0,33190.55,40549.758,0.0,52619.82,89893.695,103980.14,0.0,44200.00000000001
444,0.0,0.0,82688.02,0.0,35738.582,47474.676,0.0,53138.598,91998.305,103235.94,0.0,34900.0
445,0.0,0.0,80865.4,0.0,34609.33,50275.957,0.0,49431.16,86069.31,94868.555,0.0,24800.0
446,0.0,0.0,73360.18,0.0,30455.264,48982.305,0.0,42107.63,72942.234,80072.19,0.0,32300.0
447,0.0,0.0,60938.25,0.0,24015.838,44032.31,0.0,31857.69,53700.93,59767.992,0.0,21000.0
448,0.0,0.0,44295.184,0.0,16078.93,36142.44,0.0,19381.168,29382.64,34592.832,0.0,16600.0
449,0.0,0.0,24065.3,0.0,7480.5586,26196.273,0.0,5439.9727,1175.199,5382.4546,0.0,7000.0
450,0.0,0.0,1023.1465,0.0,0.0,15188.644,0.0,0.0,0.0,0.0,0.0,3300.0
451,0.0,0.0,0.0,0.0,0.0,4215.729,0.0,0.0,0.0,0.0,0.0,200.0
452,0.0,0.0,0.0,0.0,0.0,0.0,0.0,0.0,0.0,0.0,0.0,0.0
453,0.0,0.0,0.0,0.0,0.0,0.0,0.0,0.0,0.0,0.0,0.0,0.0
454,0.0,0.0,0.0,0.0,0.0,0.0,0.0,0.0,0.0,0.0,0.0,0.0
455,0.0,0.0,0.0,0.0,0.0,0.0,0.0,0.0,0.0,2475.2202,0.0,0.0
456,0.0,0.0,3477.9873,0.0,0.0,5347.235,0.0,0.0,0.0,0.0,0.0,0.0
457,0.0,0.0,788.44037,0.0,0.0,3560.085,0.0,0.0,0.0,0.0,0.0,0.0
458,0.0,0.0,0.0,0.0,0.0,0.0,0.0,0.0,0.0,0.0,0.0,0.0
459,0.0,0.0,0.0,0.0,0.0,0.0,0.0,0.0,0.0,0.0,0.0,0.0
460,0.0,0.0,0.0,0.0,0.0,0.0,0.0,0.0,0.0,0.0,0.0,0.0
461,0.0,0.0,0.0,0.0,0.0,0.0,0.0,0.0,0.0,0.0,0.0,0.0
462,0.0,0.0,0.0,0.0,0.0,0.0,0.0,0.0,0.0,1877.8174,0.0,1400.0000000000002
463,0.0,0.0,20155.695,0.0,0.0,9453.054,0.0,10823.767,5997.521,16151.205,0.0,5100.0
464,0.0,0.0,56128.926,0.0,8116.138,24740.098,0.0,23037.504,19503.36,28760.95,0.0,12300.0
465,0.0,0.0,85946.58,0.0,17033.617,39552.38,0.0,32737.674,30764.334,38104.176,0.0,13700.0
466,0.0,0.0,109405.03,0.0,23685.86,51857.926,0.0,39011.664,38633.664,43467.832,0.0,13200.0
467,0.0,0.0,126077.17,0.0,27468.814,60346.51,0.0,41614.58,42619.88,44772.605,0.0,9700.0
468,0.0,0.0,134209.97,0.0,28289.062,64366.477,0.0,40684.227,42698.773,42376.523,0.0,15500.000000000002
469,0.0,0.0,133107.81,0.0,26390.285,63835.52,0.0,36578.55,39187.43,36905.41,0.0,12700.0
470,0.0,0.0,123319.18,0.0,22216.113,59114.85,0.0,29783.404,32642.67,29127.746,0.0,8200.0
471,0.0,0.0,105763.51,0.0,16331.159,50853.12,0.0,20882.709,23782.477,19897.004,0.0,11100.000000000002
472,0.0,0.0,81182.54,0.0,9386.513,39857.0,0.0,10598.462,13454.728,10152.292,0.0,8300.0
473,0.0,0.0,49921.953,0.0,2107.3755,27036.465,0.0,0.0,2656.4163,937.51904,0.0,5200.0
474,0.0,0.0,11825.707,0.0,0.0,13426.133,0.0,0.0,0.0,0.0,0.0,1200.0
475,0.0,0.0,0.0,0.0,0.0,245.11069,0.0,0.0,0.0,0.0,0.0,0.0
476,0.0,0.0,0.0,0.0,0.0,0.0,0.0,0.0,0.0,0.0,0.0,0.0
477,0.0,0.0,0.0,0.0,0.0,0.0,0.0,0.0,0.0,0.0,0.0,0.0
478,0.0,0.0,0.0,0.0,0.0,0.0,0.0,0.0,0.0,0.0,0.0,0.0
479,0.0,0.0,0.0,0.0,0.0,0.0,0.0,0.0,0.0,3013.1924,0.0,0.0
480,0.0,0.0,3080.672,0.0,0.0,0.0,0.0,0.0,0.0,0.0,0.0,0.0
481,0.0,0.0,0.0,0.0,0.0,0.0,0.0,0.0,0.0,0.0,0.0,0.0
482,0.0,0.0,0.0,0.0,0.0,0.0,0.0,0.0,0.0,0.0,0.0,0.0
483,0.0,0.0,0.0,0.0,0.0,0.0,0.0,0.0,0.0,0.0,0.0,0.0
484,0.0,0.0,0.0,0.0,0.0,0.0,0.0,0.0,0.0,0.0,0.0,0.0
485,0.0,0.0,0.0,0.0,0.0,0.0,0.0,0.0,0.0,0.0,0.0,0.0
486,0.0,0.0,0.0,0.0,0.0,0.0,0.0,0.0,0.0,2199.5884,0.0,5200.0
487,0.0,0.0,19642.86,0.0,0.0,0.0,0.0,0.0,3525.9626,16912.004,0.0,14100.0
488,0.0,0.0,55348.656,0.0,5610.4365,7470.628,0.0,12920.085,17422.17,30959.8,0.0,17500.0
489,0.0,0.0,84861.3,0.0,17650.385,22036.623,0.0,25618.37,29441.572,42134.484,0.0,8400.0
490,0.0,0.0,107913.09,0.0,26802.168,35618.73,0.0,35342.797,38208.61,49148.18,0.0,9800.0
491,0.0,0.0,124124.39,0.0,32294.037,46573.773,0.0,41104.492,43032.4,51513.684,0.0,26200.0
492,0.0,0.0,131945.66,0.0,34076.004,53813.97,0.0,42583.984,43739.09,49363.555,0.0,48100.0
493,0.0,0.0,130794.09,0.0,32515.871,56784.125,0.0,39990.547,40554.914,43238.56,0.0,63700.0
494,0.0,0.0,121243.81,0.0,28189.117,55422.22,0.0,33865.297,34001.3,33906.21,0.0,46200.0
495,0.0,0.0,104216.83,0.0,21774.408,50084.383,0.0,24913.516,24798.84,22273.672,0.0,38200.0
496,0.0,0.0,80457.734,0.0,14017.432,41433.383,0.0,13936.019,13816.474,9412.545,0.0,26100.0
497,0.0,0.0,50327.984,0.0,5727.405,30336.13,0.0,1878.0253,2083.9116,0.0,0.0,14000.0
498,0.0,0.0,13712.566,0.0,0.0,17818.607,0.0,0.0,0.0,0.0,0.0,7200.0
499,0.0,0.0,0.0,0.0,0.0,5080.246,0.0,0.0,0.0,0.0,0.0,700.0000000000001
500,0.0,0.0,0.0,0.0,0.0,0.0,0.0,0.0,0.0,0.0,0.0,0.0
501,0.0,0.0,0.0,0.0,0.0,0.0,0.0,0.0,0.0,0.0,0.0,0.0
502,0.0,0.0,0.0,0.0,0.0,0.0,0.0,0.0,0.0,0.0,0.0,0.0
503,0.0,0.0,0.0,0.0,0.0,0.0,0.0,0.0,0.0,2294.111,0.0,0.0
504,0.0,0.0,3186.715,0.0,0.0,0.0,0.0,0.0,0.0,0.0,0.0,0.0
505,0.0,0.0,6590.4287,0.0,0.0,0.0,0.0,0.0,0.0,0.0,0.0,0.0
506,0.0,0.0,5394.6377,0.0,0.0,0.0,0.0,0.0,0.0,0.0,0.0,0.0
507,0.0,0.0,1610.901,0.0,0.0,0.0,0.0,0.0,0.0,0.0,0.0,0.0
508,0.0,0.0,0.0,0.0,0.0,0.0,0.0,0.0,0.0,0.0,0.0,0.0
509,0.0,0.0,0.0,0.0,0.0,0.0,0.0,0.0,0.0,0.0,0.0,0.0
510,0.0,0.0,881.50964,0.0,0.0,0.0,0.0,0.0,0.0,0.0,0.0,1500.0
511,0.0,0.0,10437.068,0.0,0.0,3739.9922,0.0,2110.3005,10126.198,13823.255,0.0,8100.0
512,0.0,0.0,24406.08,0.0,3773.3425,14590.007,0.0,12517.628,20843.51,27343.271,0.0,19000.0
513,0.0,0.0,40111.863,0.0,12772.511,24126.326,0.0,21153.805,29980.96,38366.13,0.0,22500.000000000004
514,0.0,0.0,54601.312,0.0,19869.248,31180.404,0.0,27060.2,36426.293,45816.75,0.0,22100.000000000004
515,0.0,0.0,65633.086,0.0,24271.29,35113.125,0.0,29870.963,39589.957,49220.22,0.0,53000.0
516,0.0,0.0,71922.21,0.0,25716.434,35760.344,0.0,29674.299,39320.01,48596.39,0.0,41900.0
517,0.0,0.0,72954.27,0.0,24326.314,33345.098,0.0,26860.059,35802.137,44347.87,0.0,33200.0
518,0.0,0.0,68729.914,0.0,20464.217,28368.936,0.0,21986.76,29461.86,37131.004,0.0,50299.99999999999
519,0.0,0.0,59532.113,0.0,14643.155,21501.01,0.0,15685.234,20887.691,27752.275,0.0,43700.0
520,0.0,0.0,45735.938,0.0,7483.1113,13488.604,0.0,8607.875,10798.569,17127.543,0.0,35100.0
521,0.0,0.0,27695.188,0.0,0.0,5099.3916,0.0,1417.3766,62.66619,6304.962,0.0,20800.0
522,0.0,0.0,5745.1978,0.0,0.0,0.0,0.0,0.0,0.0,0.0,0.0,6100.0
523,0.0,0.0,0.0,0.0,0.0,0.0,0.0,0.0,0.0,0.0,0.0,800.0
524,0.0,0.0,0.0,0.0,0.0,0.0,0.0,0.0,0.0,0.0,0.0,0.0
525,0.0,0.0,0.0,0.0,0.0,0.0,0.0,0.0,0.0,0.0,0.0,0.0
526,0.0,0.0,0.0,0.0,0.0,0.0,0.0,0.0,0.0,0.0,0.0,0.0
527,0.0,0.0,0.0,0.0,0.0,0.0,0.0,0.0,0.0,1557.0596,0.0,0.0
528,0.0,0.0,2426.3137,0.0,0.0,0.0,0.0,0.0,0.0,0.0,0.0,0.0
529,0.0,0.0,4987.7715,0.0,0.0,0.0,0.0,0.0,0.0,0.0,0.0,0.0
530,0.0,0.0,3744.305,0.0,0.0,0.0,0.0,0.0,0.0,0.0,0.0,0.0
531,0.0,0.0,433.31387,0.0,0.0,0.0,0.0,0.0,0.0,0.0,0.0,0.0
532,0.0,0.0,0.0,0.0,0.0,0.0,0.0,0.0,0.0,0.0,0.0,0.0
533,0.0,0.0,0.0,0.0,0.0,0.0,0.0,0.0,0.0,0.0,0.0,0.0
534,0.0,0.0,0.0,0.0,0.0,0.0,0.0,0.0,0.0,3017.9026,0.0,2000.0
535,0.0,0.0,6237.547,0.0,0.0,439.46283,0.0,0.0,8536.25,9079.013,0.0,8200.0
536,0.0,0.0,16652.762,0.0,4060.8584,4360.4976,0.0,714.9523,17417.861,14849.286,0.0,8100.0
537,0.0,0.0,28545.24,0.0,13248.317,7630.3706,0.0,3112.7522,25136.932,19586.664,0.0,14400.0
538,0.0,0.0,39723.195,0.0,20638.178,9802.647,0.0,4617.917,30715.865,22739.998,0.0,35800.0
539,0.0,0.0,48355.023,0.0,25356.988,10630.086,0.0,5082.9585,33572.99,24011.203,0.0,27800.0
540,0.0,0.0,53264.29,0.0,27076.088,10065.731,0.0,4502.4165,33497.156,23354.273,0.0,25000.0
541,0.0,0.0,53901.367,0.0,25872.875,8235.033,0.0,2984.7107,30583.742,20938.955,0.0,23000.0
542,0.0,0.0,50183.418,0.0,22084.666,5392.3247,0.0,720.70953,25160.2,17100.469,0.0,9000.0
543,0.0,0.0,42320.28,0.0,16211.106,1872.7688,0.0,0.0,17721.93,12290.529,0.0,12300.0
544,0.0,0.0,30678.408,0.0,8868.395,0.0,0.0,0.0,8897.21,7036.9688,0.0,22200.000000000004
545,0.0,0.0,15717.514,0.0,778.2357,0.0,0.0,0.0,0.0,1910.0209,0.0,9800.0
546,0.0,0.0,0.0,0.0,0.0,0.0,0.0,0.0,0.0,0.0,0.0,2200.0
547,0.0,0.0,0.0,0.0,0.0,0.0,0.0,0.0,0.0,0.0,0.0,100.0
548,0.0,0.0,0.0,0.0,0.0,0.0,0.0,0.0,0.0,0.0,0.0,0.0
549,0.0,0.0,0.0,0.0,0.0,0.0,0.0,0.0,0.0,0.0,0.0,0.0
550,0.0,0.0,0.0,0.0,0.0,0.0,0.0,0.0,0.0,0.0,0.0,0.0
551,0.0,0.0,0.0,0.0,0.0,0.0,0.0,0.0,0.0,0.0,0.0,0.0
552,0.0,0.0,1556.8416,0.0,0.0,0.0,0.0,0.0,0.0,0.0,0.0,0.0
553,0.0,0.0,945.51056,0.0,0.0,0.0,0.0,0.0,0.0,0.0,0.0,0.0
554,0.0,0.0,0.0,0.0,0.0,0.0,0.0,0.0,0.0,0.0,0.0,0.0
555,0.0,0.0,0.0,0.0,0.0,0.0,0.0,0.0,0.0,0.0,0.0,0.0
556,0.0,0.0,0.0,0.0,0.0,0.0,0.0,0.0,0.0,0.0,0.0,0.0
557,0.0,0.0,0.0,0.0,0.0,0.0,0.0,0.0,0.0,0.0,0.0,0.0
558,0.0,0.0,0.0,0.0,0.0,0.0,0.0,0.0,0.0,1761.1869,0.0,0.0
559,0.0,0.0,992.8743,0.0,0.0,0.0,0.0,0.0,4822.2495,6884.386,0.0,700.0000000000001
560,0.0,0.0,18189.023,0.0,5838.0137,0.0,0.0,1716.8234,14054.471,11771.296,0.0,2000.0
561,0.0,0.0,36053.605,0.0,14151.407,4418.5967,0.0,4904.012,22081.588,15685.618,0.0,4800.0
562,0.0,0.0,51390.477,0.0,20693.424,8825.722,0.0,7160.9395,27862.875,18104.477,0.0,5800.0
563,0.0,0.0,62261.33,0.0,24723.041,12047.169,0.0,8223.012,30806.973,18771.22,0.0,7499.999999999999
564,0.0,0.0,67772.14,0.0,25979.709,13757.367,0.0,8007.0815,30725.057,17681.836,0.0,6200.0
565,0.0,0.0,67720.625,0.0,24561.5,13852.951,0.0,6582.9844,27749.535,15038.6875,0.0,8800.0
566,0.0,0.0,62343.66,0.0,20801.562,12428.705,0.0,4136.2705,22248.93,11195.7,0.0,9800.0
567,0.0,0.0,52100.664,0.0,15185.401,9735.926,0.0,933.5523,14758.156,6608.6147,0.0,7299.999999999999
568,0.0,0.0,37500.77,0.0,8310.357,6133.973,0.0,0.0,5940.9736,1793.3894,0.0,6000.0
569,0.0,0.0,19020.824,0.0,871.7043,2042.7386,0.0,0.0,0.0,0.0,0.0,4100.0
570,0.0,0.0,0.0,0.0,0.0,0.0,0.0,0.0,0.0,0.0,0.0,1300.0
571,0.0,0.0,0.0,0.0,0.0,0.0,0.0,0.0,0.0,0.0,0.0,0.0
572,0.0,0.0,0.0,0.0,0.0,0.0,0.0,0.0,0.0,0.0,0.0,0.0
573,0.0,0.0,0.0,0.0,0.0,0.0,0.0,0.0,0.0,0.0,0.0,0.0
574,0.0,0.0,0.0,0.0,0.0,0.0,0.0,0.0,0.0,0.0,0.0,0.0
575,0.0,0.0,0.0,0.0,0.0,0.0,0.0,0.0,0.0,0.0,0.0,0.0
576,0.0,0.0,0.0,0.0,0.0,0.0,0.0,0.0,0.0,0.0,0.0,0.0
577,0.0,0.0,0.0,0.0,0.0,0.0,0.0,0.0,0.0,0.0,0.0,0.0
578,0.0,0.0,0.0,0.0,0.0,0.0,0.0,0.0,0.0,0.0,0.0,0.0
579,0.0,0.0,0.0,0.0,0.0,0.0,0.0,0.0,0.0,0.0,0.0,0.0
580,0.0,0.0,0.0,0.0,0.0,0.0,0.0,0.0,0.0,0.0,0.0,0.0
581,0.0,0.0,0.0,0.0,0.0,0.0,0.0,0.0,0.0,0.0,0.0,0.0
582,0.0,0.0,0.0,0.0,0.0,0.0,0.0,0.0,0.0,0.0,0.0,100.0
583,0.0,0.0,0.0,0.0,0.0,0.0,0.0,0.0,0.0,0.0,0.0,600.0
584,0.0,0.0,22160.863,0.0,586.3885,0.0,0.0,0.0,6988.073,3694.882,0.0,6400.0
585,0.0,0.0,45534.53,0.0,10439.63,0.0,0.0,0.0,15329.8125,8472.703,0.0,9800.0
586,0.0,0.0,63437.848,0.0,18491.668,0.0,0.0,0.0,21659.395,12002.595,0.0,5400.0
587,0.0,0.0,75082.06,0.0,23802.082,518.1539,0.0,0.0,25333.955,13817.521,0.0,22000.000000000004
588,0.0,0.0,80272.68,0.0,26021.68,4286.694,0.0,0.0,26111.125,13768.881,0.0,29799.999999999996
589,0.0,0.0,79242.984,0.0,25234.21,6344.6064,0.0,0.0,24072.537,11976.437,0.0,34600.0
590,0.0,0.0,72597.82,0.0,21791.771,6652.3057,0.0,0.0,19545.104,8758.708,0.0,34400.0
591,0.0,0.0,61110.062,0.0,16205.675,5366.123,0.0,0.0,13032.776,4567.273,0.0,27500.0
592,0.0,0.0,45542.27,0.0,9094.116,2794.5325,0.0,0.0,5170.9424,0.0,0.0,16100.0
593,0.0,0.0,26599.36,0.0,1167.1053,0.0,0.0,0.0,0.0,0.0,0.0,6300.0
594,0.0,0.0,5036.612,0.0,0.0,0.0,0.0,0.0,0.0,0.0,0.0,3500.0
595,0.0,0.0,0.0,0.0,0.0,0.0,0.0,0.0,0.0,0.0,0.0,800.0
596,0.0,0.0,0.0,0.0,0.0,0.0,0.0,0.0,0.0,0.0,0.0,0.0
597,0.0,0.0,0.0,0.0,0.0,0.0,0.0,0.0,0.0,0.0,0.0,0.0
598,0.0,0.0,0.0,0.0,0.0,0.0,0.0,0.0,0.0,0.0,0.0,0.0
599,0.0,0.0,0.0,0.0,0.0,0.0,0.0,0.0,0.0,0.0,0.0,0.0
600,0.0,0.0,4748.9463,0.0,0.0,0.0,0.0,0.0,0.0,0.0,0.0,0.0
601,0.0,0.0,1389.0739,0.0,0.0,0.0,0.0,0.0,0.0,0.0,0.0,0.0
602,0.0,0.0,0.0,0.0,0.0,0.0,0.0,0.0,0.0,0.0,0.0,0.0
603,0.0,0.0,0.0,0.0,0.0,0.0,0.0,0.0,0.0,0.0,0.0,0.0
604,0.0,0.0,0.0,0.0,0.0,0.0,0.0,0.0,0.0,0.0,0.0,0.0
605,0.0,0.0,0.0,0.0,0.0,0.0,0.0,0.0,0.0,0.0,0.0,400.0
606,0.0,0.0,0.0,0.0,0.0,0.0,0.0,0.0,0.0,3136.0679,0.0,8400.0
607,0.0,0.0,19484.332,0.0,871.46747,7049.319,0.0,10041.717,9479.401,15366.983,0.0,7499.999999999999
608,0.0,0.0,53188.78,0.0,7615.689,22253.68,0.0,21391.06,24832.506,26182.865,0.0,8500.0
609,0.0,0.0,82039.35,0.0,13673.094,35991.74,0.0,30601.996,37297.164,34315.64,0.0,22200.000000000004
610,0.0,0.0,104044.3,0.0,18202.498,46637.92,0.0,36745.766,45833.414,39150.84,0.0,28400.0
611,0.0,0.0,118733.96,0.0,20716.688,53282.55,0.0,39538.37,50044.03,40583.46,0.0,30500.000000000004
612,0.0,0.0,125283.16,0.0,21063.355,55626.816,0.0,39102.8,49969.656,38882.816,0.0,34800.0
613,0.0,0.0,123399.984,0.0,19351.002,53870.035,0.0,35800.98,45983.35,34564.63,0.0,40100.0
614,0.0,0.0,113638.89,0.0,15872.576,48568.035,0.0,30128.104,38700.383,28285.13,0.0,52300.00000000001
615,0.0,0.0,96881.06,0.0,11050.128,40485.867,0.0,22660.287,28895.88,20775.215,0.0,32100.0
616,0.0,0.0,73834.805,0.0,5401.823,30494.059,0.0,14053.056,17470.719,12814.343,0.0,26000.0
617,0.0,0.0,44792.152,0.0,0.0,19528.541,0.0,5079.352,5480.095,5223.265,0.0,9800.0
618,0.0,0.0,9570.833,0.0,0.0,8593.49,0.0,0.0,0.0,0.0,0.0,2100.0
619,0.0,0.0,0.0,0.0,0.0,0.0,0.0,0.0,0.0,0.0,0.0,0.0
620,0.0,0.0,0.0,0.0,0.0,0.0,0.0,0.0,0.0,0.0,0.0,0.0
621,0.0,0.0,0.0,0.0,0.0,0.0,0.0,0.0,0.0,0.0,0.0,0.0
622,0.0,0.0,0.0,0.0,0.0,0.0,0.0,0.0,0.0,0.0,0.0,0.0
623,0.0,0.0,0.0,0.0,0.0,0.0,0.0,0.0,0.0,2849.1914,0.0,0.0
624,0.0,0.0,4936.901,0.0,0.0,0.0,0.0,0.0,0.0,0.0,0.0,0.0
625,0.0,0.0,4414.0093,0.0,0.0,0.0,0.0,0.0,0.0,0.0,0.0,0.0
626,0.0,0.0,0.0,0.0,0.0,0.0,0.0,0.0,0.0,0.0,0.0,0.0
627,0.0,0.0,0.0,0.0,0.0,0.0,0.0,0.0,0.0,0.0,0.0,0.0
628,0.0,0.0,0.0,0.0,0.0,0.0,0.0,0.0,0.0,0.0,0.0,0.0
629,0.0,0.0,0.0,0.0,0.0,0.0,0.0,0.0,0.0,0.0,0.0,0.0
630,0.0,0.0,0.0,0.0,0.0,0.0,0.0,0.0,0.0,2260.0688,0.0,1500.0
631,0.0,0.0,5225.389,0.0,0.0,0.0,0.0,0.0,6817.9136,12356.43,0.0,5200.0
632,0.0,0.0,23439.31,0.0,3883.3699,7689.9595,0.0,4666.617,20332.889,21306.387,0.0,6200.0
633,0.0,0.0,41858.17,0.0,9715.689,16468.918,0.0,8607.185,31491.297,27996.643,0.0,8400.0
634,0.0,0.0,57259.508,0.0,14214.955,23701.615,0.0,11133.7,39181.773,31853.273,0.0,10800.0
635,0.0,0.0,67848.734,0.0,16872.498,28627.135,0.0,12027.249,42913.254,32756.96,0.0,10700.0
636,0.0,0.0,72901.83,0.0,17497.133,30900.775,0.0,11303.699,42658.5,30930.94,0.0,10700.0
637,0.0,0.0,72356.51,0.0,16154.411,30544.473,0.0,9148.917,38743.12,26830.691,0.0,12900.0
638,0.0,0.0,66543.88,0.0,13095.813,27864.434,0.0,5858.9077,31744.9,21054.43,0.0,14000.0
639,0.0,0.0,55969.152,0.0,8703.451,23359.318,0.0,1794.0144,22407.615,14285.134,0.0,10700.0
640,0.0,0.0,41147.49,0.0,3454.5347,17638.893,0.0,0.0,11600.634,7258.9785,0.0,14699.999999999998
641,0.0,0.0,22538.695,0.0,0.0,11362.494,0.0,0.0,333.14374,739.7797,0.0,7299.999999999999
642,0.0,0.0,611.761,0.0,0.0,5193.4272,0.0,0.0,0.0,0.0,0.0,3900.0000000000005
643,0.0,0.0,0.0,0.0,0.0,0.0,0.0,0.0,0.0,0.0,0.0,0.0
644,0.0,0.0,0.0,0.0,0.0,0.0,0.0,0.0,0.0,0.0,0.0,0.0
645,0.0,0.0,0.0,0.0,0.0,0.0,0.0,0.0,0.0,0.0,0.0,0.0
646,0.0,0.0,0.0,0.0,0.0,0.0,0.0,0.0,0.0,0.0,0.0,0.0
647,0.0,0.0,0.0,0.0,0.0,0.0,0.0,0.0,0.0,606.359,0.0,0.0
648,0.0,0.0,2107.94,0.0,0.0,0.0,0.0,0.0,0.0,0.0,0.0,0.0
649,0.0,0.0,2029.2374,0.0,0.0,0.0,0.0,0.0,0.0,0.0,0.0,0.0
650,0.0,0.0,0.0,0.0,0.0,0.0,0.0,0.0,0.0,0.0,0.0,0.0
651,0.0,0.0,0.0,0.0,0.0,0.0,0.0,0.0,0.0,0.0,0.0,0.0
652,0.0,0.0,0.0,0.0,0.0,0.0,0.0,0.0,0.0,0.0,0.0,0.0
653,0.0,0.0,0.0,0.0,0.0,0.0,0.0,0.0,0.0,0.0,0.0,0.0
654,0.0,0.0,0.0,0.0,0.0,0.0,0.0,0.0,0.0,170.058,0.0,700.0000000000001
655,0.0,0.0,2227.614,0.0,0.0,0.0,0.0,4532.079,7087.1626,11885.642,0.0,500.0
656,0.0,0.0,19473.104,0.0,1944.1807,7980.2344,0.0,19682.771,19618.434,23157.258,0.0,4700.0
657,0.0,0.0,36604.707,0.0,12192.636,19070.383,0.0,32796.152,30376.406,32447.44,0.0,3200.0
658,0.0,0.0,50728.492,0.0,20154.709,28369.23,0.0,42111.266,38078.05,38776.0,0.0,2400.0
659,0.0,0.0,60265.98,0.0,25081.838,34884.4,0.0,46822.727,42091.402,41697.703,0.0,2100.0
660,0.0,0.0,64626.945,0.0,26829.633,38102.086,0.0,46898.484,42296.32,41217.492,0.0,2100.0
661,0.0,0.0,63857.895,0.0,25643.85,37936.383,0.0,42769.92,38948.387,37681.65,0.0,3100.0
662,0.0,0.0,58371.406,0.0,21987.85,34656.344,0.0,35065.63,32554.955,31664.182,0.0,2000.0
663,0.0,0.0,48729.395,0.0,16442.875,28796.035,0.0,24453.365,23775.818,23876.836,0.0,1400.0000000000002
664,0.0,0.0,35509.867,0.0,9663.753,21064.941,0.0,11619.443,13375.984,15122.428,0.0,2100.0
665,0.0,0.0,19285.45,0.0,2363.9583,12279.547,0.0,0.0,2242.9624,6287.579,0.0,400.0
666,0.0,0.0,730.97296,0.0,0.0,3320.533,0.0,0.0,0.0,0.0,0.0,400.0
667,0.0,0.0,0.0,0.0,0.0,0.0,0.0,0.0,0.0,0.0,0.0,0.0
668,0.0,0.0,0.0,0.0,0.0,0.0,0.0,0.0,0.0,0.0,0.0,0.0
669,0.0,0.0,0.0,0.0,0.0,0.0,0.0,0.0,0.0,0.0,0.0,0.0
670,0.0,0.0,0.0,0.0,0.0,0.0,0.0,0.0,0.0,0.0,0.0,0.0
671,0.0,0.0,0.0,0.0,0.0,0.0,0.0,0.0,0.0,0.0,0.0,0.0
672,0.0,0.0,915.6893,0.0,0.0,0.0,0.0,0.0,0.0,0.0,0.0,0.0
673,0.0,0.0,0.0,0.0,0.0,0.0,0.0,0.0,0.0,0.0,0.0,0.0
674,0.0,0.0,0.0,0.0,0.0,0.0,0.0,0.0,0.0,0.0,0.0,0.0
675,0.0,0.0,0.0,0.0,0.0,0.0,0.0,0.0,0.0,0.0,0.0,0.0
676,0.0,0.0,0.0,0.0,0.0,0.0,0.0,0.0,0.0,0.0,0.0,0.0
677,0.0,0.0,0.0,0.0,0.0,0.0,0.0,0.0,0.0,0.0,0.0,0.0
678,0.0,0.0,0.0,0.0,0.0,0.0,0.0,0.0,0.0,0.0,0.0,1200.0
679,0.0,0.0,12543.072,0.0,0.0,0.0,0.0,0.0,13306.191,11727.645,0.0,2100.0
680,0.0,0.0,47726.957,0.0,5210.886,4062.6436,0.0,0.0,36614.516,22091.404,0.0,2600.0
681,0.0,0.0,77130.945,0.0,17921.096,15794.095,0.0,0.0,54890.207,28922.115,0.0,6900.0
682,0.0,0.0,99584.1,0.0,27774.742,25420.822,0.0,0.0,66828.05,31658.705,0.0,8100.0
683,0.0,0.0,114850.25,0.0,33871.28,31939.568,0.0,0.0,71902.64,30234.701,0.0,11100.000000000002
684,0.0,0.0,121891.41,0.0,36097.44,34796.73,0.0,0.0,70144.984,24943.088,0.0,6500.0
685,0.0,0.0,120268.484,0.0,34799.773,33889.27,0.0,0.0,62121.36,16318.006,0.0,3000.0
686,0.0,0.0,110530.914,0.0,30550.889,29527.373,0.0,0.0,48819.477,5062.606,0.0,11400.0
687,0.0,0.0,93622.98,0.0,24032.197,22355.17,0.0,0.0,31423.936,0.0,0.0,16600.0
688,0.0,0.0,70361.34,0.0,15994.158,13243.85,0.0,0.0,11212.479,0.0,0.0,8100.0
689,0.0,0.0,41199.13,0.0,7255.8,3185.6516,0.0,0.0,0.0,0.0,0.0,4700.0
690,0.0,0.0,6164.4355,0.0,0.0,0.0,0.0,0.0,0.0,0.0,0.0,5000.0
691,0.0,0.0,0.0,0.0,0.0,0.0,0.0,0.0,0.0,0.0,0.0,700.0000000000001
692,0.0,0.0,0.0,0.0,0.0,0.0,0.0,0.0,0.0,0.0,0.0,0.0
693,0.0,0.0,0.0,0.0,0.0,0.0,0.0,0.0,0.0,0.0,0.0,0.0
694,0.0,0.0,0.0,0.0,0.0,0.0,0.0,0.0,0.0,0.0,0.0,0.0
695,0.0,0.0,0.0,0.0,0.0,0.0,0.0,0.0,0.0,0.0,0.0,0.0
696,0.0,0.0,3158.0762,0.0,0.0,0.0,0.0,0.0,0.0,0.0,0.0,0.0
697,0.0,0.0,394.77264,0.0,0.0,0.0,0.0,0.0,0.0,0.0,0.0,0.0
698,0.0,0.0,0.0,0.0,0.0,0.0,0.0,0.0,0.0,0.0,0.0,0.0
699,0.0,0.0,0.0,0.0,0.0,0.0,0.0,0.0,0.0,0.0,0.0,0.0
700,0.0,0.0,0.0,0.0,0.0,0.0,0.0,0.0,0.0,0.0,0.0,0.0
701,0.0,0.0,0.0,0.0,0.0,0.0,0.0,0.0,0.0,0.0,0.0,100.0
702,0.0,0.0,0.0,0.0,0.0,0.0,0.0,0.0,0.0,0.0,0.0,2300.0
703,0.0,0.0,23509.76,0.0,0.0,0.0,0.0,1337.139,3351.1816,8414.978,0.0,4300.0
704,0.0,0.0,59712.62,0.0,4239.8647,3563.0488,0.0,9790.177,18179.3,18362.256,0.0,14999.999999999998
705,0.0,0.0,89026.625,0.0,16047.972,18772.844,0.0,17015.887,31193.4,26560.607,0.0,15100.000000000002
706,0.0,0.0,112961.59,0.0,25087.479,32770.926,0.0,22180.094,40843.445,31958.492,0.0,27600.0
707,0.0,0.0,130617.74,0.0,30583.553,43892.566,0.0,24904.494,46319.96,34080.48,0.0,32000.0
708,0.0,0.0,139517.78,0.0,32469.01,51095.977,0.0,25168.297,47380.04,32929.367,0.0,56800.0
709,0.0,0.0,138887.39,0.0,31092.902,53926.69,0.0,23200.75,44225.914,28858.414,0.0,19500.0
710,0.0,0.0,129370.91,0.0,27013.482,52461.117,0.0,19391.195,37387.977,22454.875,0.0,32900.0
711,0.0,0.0,111876.086,0.0,20891.842,47200.395,0.0,14225.609,27607.426,14464.984,0.0,25600.0
712,0.0,0.0,87076.71,0.0,13452.467,38924.207,0.0,8253.047,15769.036,5765.6997,0.0,9600.0
713,0.0,0.0,55306.047,0.0,5476.1543,28565.568,0.0,2074.8318,2916.786,0.0,0.0,20500.0
714,0.0,0.0,16502.365,0.0,0.0,17152.693,0.0,0.0,0.0,0.0,0.0,2500.0
715,0.0,0.0,0.0,0.0,0.0,5805.93,0.0,0.0,0.0,0.0,0.0,100.0
716,0.0,0.0,0.0,0.0,0.0,0.0,0.0,0.0,0.0,0.0,0.0,0.0
717,0.0,0.0,0.0,0.0,0.0,0.0,0.0,0.0,0.0,0.0,0.0,0.0
718,0.0,0.0,0.0,0.0,0.0,0.0,0.0,0.0,0.0,0.0,0.0,0.0
719,0.0,0.0,0.0,0.0,0.0,0.0,0.0,0.0,0.0,0.0,0.0,0.0
720,0.0,0.0,1331.6279,0.0,0.0,0.0,0.0,0.0,0.0,0.0,0.0,0.0
721,0.0,0.0,4759.638,0.0,0.0,0.0,0.0,0.0,0.0,0.0,0.0,0.0
722,0.0,0.0,3601.995,0.0,0.0,0.0,0.0,0.0,0.0,0.0,0.0,0.0
723,0.0,0.0,0.0,0.0,0.0,0.0,0.0,0.0,0.0,0.0,0.0,0.0
724,0.0,0.0,0.0,0.0,0.0,0.0,0.0,0.0,0.0,0.0,0.0,0.0
725,0.0,0.0,0.0,0.0,0.0,0.0,0.0,0.0,0.0,0.0,0.0,0.0
726,0.0,0.0,0.0,0.0,0.0,0.0,0.0,0.0,0.0,0.0,0.0,4200.0
727,0.0,0.0,4010.5789,0.0,0.0,1479.9207,0.0,3824.191,5961.8237,11533.782,0.0,11100.000000000002
728,0.0,0.0,15117.051,0.0,3270.7227,15922.495,0.0,16026.837,18430.404,22680.672,0.0,29599.999999999996
729,0.0,0.0,28102.197,0.0,12004.736,29825.496,0.0,26348.076,28947.295,31378.232,0.0,40300.0
730,0.0,0.0,40552.727,0.0,18736.174,41393.07,0.0,33585.656,36413.21,36770.027,0.0,50899.99999999999
731,0.0,0.0,50470.44,0.0,22799.678,49480.125,0.0,37257.74,40324.453,38598.164,0.0,28700.0
732,0.0,0.0,56594.03,0.0,24033.037,53532.227,0.0,37377.29,40617.195,37057.26,0.0,50699.99999999999
733,0.0,0.0,58342.637,0.0,22621.807,53512.562,0.0,34259.355,37552.31,32648.285,0.0,27300.0
734,0.0,0.0,55631.746,0.0,18963.5,49799.285,0.0,28392.031,31621.955,26058.34,0.0,32500.0
735,0.0,0.0,48681.215,0.0,13582.903,43050.758,0.0,20374.65,23477.578,18089.31,0.0,37200.0
736,0.0,0.0,37857.55,0.0,7090.791,34081.74,0.0,10929.548,13897.252,9631.842,0.0,22900.0
737,0.0,0.0,23582.54,0.0,166.63358,23791.826,0.0,969.9057,3796.1528,1652.979,0.0,17800.0
738,0.0,0.0,6335.042,0.0,0.0,13146.65,0.0,0.0,0.0,0.0,0.0,4000.0
739,0.0,0.0,0.0,0.0,0.0,3176.838,0.0,0.0,0.0,0.0,0.0,200.0
740,0.0,0.0,0.0,0.0,0.0,0.0,0.0,0.0,0.0,0.0,0.0,0.0
741,0.0,0.0,0.0,0.0,0.0,0.0,0.0,0.0,0.0,0.0,0.0,0.0
742,0.0,0.0,0.0,0.0,0.0,0.0,0.0,0.0,0.0,0.0,0.0,0.0
743,0.0,0.0,0.0,0.0,0.0,0.0,0.0,0.0,0.0,2659.7466,0.0,0.0
744,0.0,0.0,3073.5,0.0,0.0,0.0,0.0,0.0,0.0,0.0,0.0,0.0
745,0.0,0.0,4693.2812,0.0,0.0,0.0,0.0,0.0,0.0,0.0,0.0,0.0
746,0.0,0.0,1368.7621,0.0,0.0,0.0,0.0,0.0,0.0,0.0,0.0,0.0
747,0.0,0.0,0.0,0.0,0.0,0.0,0.0,0.0,0.0,0.0,0.0,0.0
748,0.0,0.0,0.0,0.0,0.0,0.0,0.0,0.0,0.0,0.0,0.0,0.0
749,0.0,0.0,0.0,0.0,0.0,0.0,0.0,0.0,0.0,0.0,0.0,0.0
750,0.0,0.0,0.0,0.0,0.0,0.0,0.0,0.0,0.0,455.58823,0.0,1400.0000000000002
751,0.0,0.0,6684.8413,0.0,0.0,1481.206,0.0,0.0,11909.274,15127.179,0.0,4600.0
752,0.0,0.0,20064.13,0.0,4876.5264,11981.506,0.0,7103.8975,24457.947,28641.904,0.0,6900.0
753,0.0,0.0,33839.805,0.0,12663.989,21534.291,0.0,13723.801,34822.258,39328.188,0.0,11400.0
754,0.0,0.0,45513.81,0.0,18671.375,28943.322,0.0,18272.213,41920.652,46249.402,0.0,15900.0
755,0.0,0.0,53458.473,0.0,22244.605,33499.684,0.0,20421.602,45245.156,49050.582,0.0,23200.0
756,0.0,0.0,56910.78,0.0,23174.938,34952.367,0.0,20189.406,44726.51,47855.39,0.0,19200.0
757,0.0,0.0,55735.62,0.0,21584.023,33436.324,0.0,17840.338,40630.61,43145.11,0.0,15300.000000000002
758,0.0,0.0,50173.48,0.0,17811.31,29373.719,0.0,13793.437,33464.418,35625.71,0.0,5200.0
759,0.0,0.0,40640.664,0.0,12338.904,23368.799,0.0,8552.897,23900.79,26133.38,0.0,5200.0
760,0.0,0.0,27614.164,0.0,5753.492,16120.287,0.0,2669.7202,12750.821,15608.051,0.0,1100.0
761,0.0,0.0,11623.093,0.0,0.0,8362.341,0.0,0.0,993.24396,5121.8228,0.0,1200.0
762,0.0,0.0,0.0,0.0,0.0,827.0442,0.0,0.0,0.0,0.0,0.0,200.0
763,0.0,0.0,0.0,0.0,0.0,0.0,0.0,0.0,0.0,0.0,0.0,0.0
764,0.0,0.0,0.0,0.0,0.0,0.0,0.0,0.0,0.0,0.0,0.0,0.0
765,0.0,0.0,0.0,0.0,0.0,0.0,0.0,0.0,0.0,0.0,0.0,0.0
766,0.0,0.0,0.0,0.0,0.0,0.0,0.0,0.0,0.0,0.0,0.0,0.0
767,0.0,0.0,0.0,0.0,0.0,0.0,0.0,0.0,0.0,3059.1672,0.0,0.0
768,0.0,0.0,1467.9269,0.0,0.0,0.0,0.0,0.0,0.0,0.0,0.0,0.0
769,0.0,0.0,4058.7046,0.0,0.0,0.0,0.0,0.0,0.0,0.0,0.0,0.0
770,0.0,0.0,1809.069,0.0,0.0,0.0,0.0,0.0,0.0,0.0,0.0,0.0
771,0.0,0.0,0.0,0.0,0.0,0.0,0.0,0.0,0.0,0.0,0.0,0.0
772,0.0,0.0,0.0,0.0,0.0,0.0,0.0,0.0,0.0,0.0,0.0,0.0
773,0.0,0.0,0.0,0.0,0.0,0.0,0.0,0.0,0.0,0.0,0.0,0.0
774,0.0,0.0,0.0,0.0,0.0,0.0,0.0,0.0,0.0,0.0,0.0,1700.0
775,0.0,0.0,4833.912,0.0,0.0,0.0,0.0,0.0,1245.623,0.0,0.0,7700.000000000001
776,0.0,0.0,16027.505,0.0,767.02637,0.0,0.0,4977.0815,16311.878,4528.67,0.0,12500.0
777,0.0,0.0,28015.549,0.0,13268.497,3425.5933,0.0,13592.179,29205.885,11470.3545,0.0,14000.0
778,0.0,0.0,38642.543,0.0,23029.97,11911.487,0.0,19776.432,38516.473,16664.139,0.0,18700.0
779,0.0,0.0,46371.945,0.0,29188.125,18438.299,0.0,23088.676,43576.543,19494.969,0.0,14500.0
780,0.0,0.0,50384.05,0.0,31646.19,22446.012,0.0,23497.277,44271.94,19771.807,0.0,14300.0
781,0.0,0.0,50435.12,0.0,30755.51,23736.746,0.0,21266.195,40913.02,17653.795,0.0,17900.0
782,0.0,0.0,46666.105,0.0,27085.55,22431.525,0.0,16855.47,34118.02,13564.627,0.0,10400.0
783,0.0,0.0,39436.785,0.0,21304.598,18907.451,0.0,10846.371,24702.54,8119.9097,0.0,5900.0
784,0.0,0.0,29216.955,0.0,14133.839,13724.404,0.0,3901.2393,13617.138,2070.5256,0.0,11400.0
785,0.0,0.0,16553.713,0.0,6337.4897,7553.3384,0.0,0.0,1953.822,0.0,0.0,4200.0
786,0.0,0.0,2125.7864,0.0,0.0,1113.3531,0.0,0.0,0.0,0.0,0.0,700.0000000000001
787,0.0,0.0,0.0,0.0,0.0,0.0,0.0,0.0,0.0,0.0,0.0,0.0
788,0.0,0.0,0.0,0.0,0.0,0.0,0.0,0.0,0.0,0.0,0.0,0.0
789,0.0,0.0,0.0,0.0,0.0,0.0,0.0,0.0,0.0,0.0,0.0,0.0
790,0.0,0.0,0.0,0.0,0.0,0.0,0.0,0.0,0.0,0.0,0.0,0.0
791,0.0,0.0,0.0,0.0,0.0,0.0,0.0,0.0,0.0,0.0,0.0,0.0
792,0.0,0.0,2042.1072,0.0,0.0,0.0,0.0,0.0,0.0,0.0,0.0,0.0
793,0.0,0.0,2699.2202,0.0,0.0,0.0,0.0,0.0,0.0,0.0,0.0,0.0
794,0.0,0.0,0.0,0.0,0.0,0.0,0.0,0.0,0.0,0.0,0.0,0.0
795,0.0,0.0,0.0,0.0,0.0,0.0,0.0,0.0,0.0,0.0,0.0,0.0
796,0.0,0.0,0.0,0.0,0.0,0.0,0.0,0.0,0.0,0.0,0.0,0.0
797,0.0,0.0,0.0,0.0,0.0,0.0,0.0,0.0,0.0,0.0,0.0,100.0
798,0.0,0.0,0.0,0.0,0.0,0.0,0.0,0.0,0.0,0.0,0.0,2500.0
799,0.0,0.0,3114.486,0.0,0.0,0.0,0.0,2351.1418,2430.5452,0.0,0.0,6000.0
800,0.0,0.0,17753.432,0.0,931.10205,4621.258,0.0,11940.813,12478.986,6038.306,0.0,19200.0
801,0.0,0.0,33218.363,0.0,10148.788,15147.106,0.0,20025.373,20764.168,11633.776,0.0,20500.0
802,0.0,0.0,46731.676,0.0,17484.996,24052.508,0.0,25675.854,26473.506,15495.397,0.0,16900.0
803,0.0,0.0,56473.465,0.0,22188.516,30421.688,0.0,28504.178,29280.557,17280.729,0.0,15900.0
804,0.0,0.0,61551.234,0.0,24043.512,33798.32,0.0,28528.096,29223.482,16981.336,0.0,18400.0
805,0.0,0.0,61737.46,0.0,23207.86,34132.56,0.0,26035.678,26601.756,14844.552,0.0,9800.0
806,0.0,0.0,57226.336,0.0,20064.166,31703.41,0.0,21478.178,21893.287,11293.549,0.0,8100.0
807,0.0,0.0,48429.824,0.0,15123.712,27027.03,0.0,15399.456,15693.411,6860.3164,0.0,7399.999999999999
808,0.0,0.0,35829.223,0.0,8977.6,20768.484,0.0,8404.825,8679.046,2131.4072,0.0,8500.0
809,0.0,0.0,19912.53,0.0,2275.6704,13672.152,0.0,1161.2317,1590.8453,0.0,0.0,3600.0
810,0.0,0.0,1221.2603,0.0,0.0,6510.7383,0.0,0.0,0.0,0.0,0.0,6900.0
811,0.0,0.0,0.0,0.0,0.0,38.86218,0.0,0.0,0.0,0.0,0.0,100.0
812,0.0,0.0,0.0,0.0,0.0,0.0,0.0,0.0,0.0,0.0,0.0,0.0
813,0.0,0.0,0.0,0.0,0.0,0.0,0.0,0.0,0.0,0.0,0.0,0.0
814,0.0,0.0,0.0,0.0,0.0,0.0,0.0,0.0,0.0,0.0,0.0,0.0
815,0.0,0.0,0.0,0.0,0.0,0.0,0.0,0.0,0.0,0.0,0.0,0.0
816,0.0,0.0,2695.4255,0.0,0.0,0.0,0.0,0.0,0.0,0.0,0.0,0.0
817,0.0,0.0,2252.4387,0.0,0.0,0.0,0.0,0.0,0.0,0.0,0.0,0.0
818,0.0,0.0,0.0,0.0,0.0,0.0,0.0,0.0,0.0,0.0,0.0,0.0
819,0.0,0.0,0.0,0.0,0.0,0.0,0.0,0.0,0.0,0.0,0.0,0.0
820,0.0,0.0,0.0,0.0,0.0,0.0,0.0,0.0,0.0,0.0,0.0,0.0
821,0.0,0.0,0.0,0.0,0.0,0.0,0.0,0.0,0.0,0.0,0.0,0.0
822,0.0,0.0,0.0,0.0,0.0,0.0,0.0,0.0,0.0,0.0,0.0,1700.0
823,0.0,0.0,14960.44,0.0,0.0,0.0,0.0,0.0,3423.104,8816.421,0.0,6000.0
824,0.0,0.0,45653.84,0.0,2200.5854,1248.024,0.0,0.0,18110.518,18436.592,0.0,6400.0
825,0.0,0.0,73258.27,0.0,13039.615,10285.439,0.0,0.0,30690.797,26223.354,0.0,22200.000000000004
826,0.0,0.0,94896.055,0.0,21487.95,18440.588,0.0,0.0,39800.27,31350.729,0.0,41100.0
827,0.0,0.0,109669.06,0.0,26770.812,24734.873,0.0,1870.7537,44785.066,33485.434,0.0,27600.0
828,0.0,0.0,116757.984,0.0,28757.348,28571.654,0.0,2600.9885,45518.78,32697.549,0.0,25900.0
829,0.0,0.0,115921.914,0.0,27720.883,29728.18,0.0,1937.7211,42280.8,29352.049,0.0,29599.999999999996
830,0.0,0.0,107677.61,0.0,24151.475,28308.404,0.0,88.95015,35646.14,24008.404,0.0,18500.0
831,0.0,0.0,92839.53,0.0,18650.344,24672.521,0.0,0.0,26380.217,17348.875,0.0,6900.0
832,0.0,0.0,72094.98,0.0,11884.2,19358.902,0.0,0.0,15378.303,10138.227,0.0,2500.0
833,0.0,0.0,45787.95,0.0,4570.605,13013.571,0.0,0.0,3672.107,3196.6384,0.0,4000.0
834,0.0,0.0,13852.295,0.0,0.0,6334.1694,0.0,0.0,0.0,0.0,0.0,3900.0000000000005
835,0.0,0.0,0.0,0.0,0.0,22.63268,0.0,0.0,0.0,0.0,0.0,100.0
836,0.0,0.0,0.0,0.0,0.0,0.0,0.0,0.0,0.0,0.0,0.0,0.0
837,0.0,0.0,0.0,0.0,0.0,0.0,0.0,0.0,0.0,0.0,0.0,0.0
838,0.0,0.0,0.0,0.0,0.0,0.0,0.0,0.0,0.0,0.0,0.0,0.0
839,0.0,0.0,0.0,0.0,0.0,0.0,0.0,0.0,0.0,782.20667,0.0,0.0
840,0.0,0.0,1870.6735,0.0,0.0,0.0,0.0,0.0,0.0,0.0,0.0,0.0
841,0.0,0.0,5064.2417,0.0,0.0,0.0,0.0,0.0,0.0,0.0,0.0,0.0
842,0.0,0.0,3396.2258,0.0,0.0,0.0,0.0,0.0,0.0,0.0,0.0,0.0
843,0.0,0.0,0.0,0.0,0.0,0.0,0.0,0.0,0.0,0.0,0.0,0.0
844,0.0,0.0,0.0,0.0,0.0,0.0,0.0,0.0,0.0,0.0,0.0,0.0
845,0.0,0.0,0.0,0.0,0.0,0.0,0.0,0.0,0.0,0.0,0.0,0.0
846,0.0,0.0,0.0,0.0,0.0,0.0,0.0,0.0,0.0,0.0,0.0,3600.0
847,0.0,0.0,3290.1013,0.0,0.0,0.0,0.0,0.0,8243.6875,4066.1733,0.0,11800.0
848,0.0,0.0,15032.546,0.0,722.45575,1244.2805,0.0,5084.9907,23700.05,9883.806,0.0,29000.0
849,0.0,0.0,28568.592,0.0,11102.452,8687.461,0.0,11836.17,36727.234,14524.104,0.0,39600.0
850,0.0,0.0,41356.188,0.0,19291.69,14883.114,0.0,16664.4,45890.848,17521.273,0.0,58799.99999999999
851,0.0,0.0,51385.227,0.0,24494.588,19165.275,0.0,19161.785,50549.023,18666.414,0.0,61400.00000000001
852,0.0,0.0,57454.09,0.0,26531.916,21200.05,0.0,19272.129,50643.74,17988.736,0.0,44100.0
853,0.0,0.0,59062.953,0.0,25627.975,20960.115,0.0,17193.465,46545.098,15710.859,0.0,45200.00000000001
854,0.0,0.0,56203.46,0.0,22232.525,18671.494,0.0,13288.556,38907.16,12196.781,0.0,46000.0
855,0.0,0.0,49156.33,0.0,16915.195,14746.276,0.0,8021.949,28538.914,7903.8545,0.0,28000.0
856,0.0,0.0,38332.258,0.0,10317.101,9713.915,0.0,1928.286,16341.006,3341.5918,0.0,29899.999999999996
857,0.0,0.0,24184.453,0.0,3133.9497,4160.4194,0.0,0.0,3338.149,0.0,0.0,8200.0
858,0.0,0.0,7216.289,0.0,0.0,0.0,0.0,0.0,0.0,0.0,0.0,2700.0
859,0.0,0.0,0.0,0.0,0.0,0.0,0.0,0.0,0.0,0.0,0.0,400.0
860,0.0,0.0,0.0,0.0,0.0,0.0,0.0,0.0,0.0,0.0,0.0,0.0
861,0.0,0.0,0.0,0.0,0.0,0.0,0.0,0.0,0.0,0.0,0.0,0.0
862,0.0,0.0,0.0,0.0,0.0,0.0,0.0,0.0,0.0,0.0,0.0,0.0
863,0.0,0.0,0.0,0.0,0.0,0.0,0.0,0.0,0.0,0.0,0.0,0.0
864,0.0,0.0,2330.1338,0.0,0.0,0.0,0.0,0.0,0.0,0.0,0.0,0.0
865,0.0,0.0,4621.0376,0.0,0.0,0.0,0.0,0.0,0.0,0.0,0.0,0.0
866,0.0,0.0,2077.892,0.0,0.0,0.0,0.0,0.0,0.0,0.0,0.0,0.0
867,0.0,0.0,0.0,0.0,0.0,0.0,0.0,0.0,0.0,0.0,0.0,0.0
868,0.0,0.0,0.0,0.0,0.0,0.0,0.0,0.0,0.0,0.0,0.0,0.0
869,0.0,0.0,0.0,0.0,0.0,0.0,0.0,0.0,0.0,0.0,0.0,0.0
870,0.0,0.0,0.0,0.0,0.0,0.0,0.0,0.0,0.0,0.0,0.0,2600.0
871,0.0,0.0,5925.589,0.0,0.0,4749.3594,0.0,4985.253,11247.598,13830.4,0.0,10400.0
872,0.0,0.0,17439.56,0.0,1741.2483,22402.9,0.0,18130.69,25873.71,27331.842,0.0,26400.0
873,0.0,0.0,29524.674,0.0,9280.852,37870.24,0.0,28740.062,37691.984,37858.58,0.0,42400.0
874,0.0,0.0,39972.785,0.0,15200.686,49575.297,0.0,35815.633,45744.996,44573.125,0.0,54500.0
875,0.0,0.0,47252.84,0.0,18862.684,56665.555,0.0,39061.773,49667.66,47227.164,0.0,57900.0
876,0.0,0.0,50586.39,0.0,20053.408,58882.266,0.0,38644.07,49500.957,46037.984,0.0,49899.99999999999
877,0.0,0.0,49781.773,0.0,18878.262,56482.742,0.0,35024.664,45596.312,41551.035,0.0,35700.0
878,0.0,0.0,45021.39,0.0,15653.435,50109.598,0.0,28834.088,38537.42,34506.76,0.0,20600.0
879,0.0,0.0,36685.746,0.0,10829.976,40625.19,0.0,20784.355,29070.736,25753.717,0.0,17300.0
880,0.0,0.0,25250.281,0.0,4951.3354,28994.928,0.0,11641.644,18076.293,16222.574,0.0,10700.0
881,0.0,0.0,11274.251,0.0,0.0,16257.359,0.0,2253.8777,6590.793,6937.011,0.0,8500.0
882,0.0,0.0,0.0,0.0,0.0,3552.0273,0.0,0.0,0.0,0.0,0.0,3900.0000000000005
883,0.0,0.0,0.0,0.0,0.0,0.0,0.0,0.0,0.0,0.0,0.0,300.0
884,0.0,0.0,0.0,0.0,0.0,0.0,0.0,0.0,0.0,0.0,0.0,0.0
885,0.0,0.0,0.0,0.0,0.0,0.0,0.0,0.0,0.0,0.0,0.0,0.0
886,0.0,0.0,0.0,0.0,0.0,0.0,0.0,0.0,0.0,0.0,0.0,0.0
887,0.0,0.0,0.0,0.0,0.0,0.0,0.0,0.0,0.0,5237.723,0.0,0.0
888,0.0,0.0,1511.1534,0.0,0.0,0.0,0.0,0.0,0.0,0.0,0.0,0.0
889,0.0,0.0,2798.5625,0.0,0.0,0.0,0.0,0.0,0.0,0.0,0.0,0.0
890,0.0,0.0,113.49144,0.0,0.0,0.0,0.0,0.0,0.0,0.0,0.0,0.0
891,0.0,0.0,0.0,0.0,0.0,0.0,0.0,0.0,0.0,0.0,0.0,0.0
892,0.0,0.0,0.0,0.0,0.0,0.0,0.0,0.0,0.0,0.0,0.0,0.0
893,0.0,0.0,0.0,0.0,0.0,0.0,0.0,0.0,0.0,0.0,0.0,0.0
894,0.0,0.0,0.0,0.0,0.0,0.0,0.0,0.0,0.0,0.0,0.0,1400.0000000000002
895,0.0,0.0,3066.0295,0.0,0.0,0.0,0.0,278.78677,5381.874,5424.275,0.0,11900.0
896,0.0,0.0,13050.82,0.0,1291.1289,2286.3892,0.0,10431.309,14779.522,11274.554,0.0,21100.0
897,0.0,0.0,23567.764,0.0,8525.3545,12216.997,0.0,19448.012,22579.236,15890.172,0.0,22900.0
898,0.0,0.0,32699.6,0.0,14372.29,20610.828,0.0,26140.832,27939.182,18779.188,0.0,46500.0
899,0.0,0.0,39067.96,0.0,18155.38,26606.605,0.0,29864.863,30472.924,19750.309,0.0,35400.0
900,0.0,0.0,41940.76,0.0,19599.453,29753.918,0.0,30473.176,30156.475,18870.805,0.0,44000.00000000001
901,0.0,0.0,41120.13,0.0,18747.838,29976.686,0.0,28186.775,27234.697,16403.56,0.0,43200.0
902,0.0,0.0,36768.56,0.0,15863.948,27513.893,0.0,23451.605,22140.355,12744.011,0.0,31300.0
903,0.0,0.0,29258.268,0.0,11356.244,22843.873,0.0,16831.97,15434.183,8367.169,0.0,20700.0
904,0.0,0.0,19082.34,0.0,5733.401,16604.652,0.0,8961.878,7773.114,3785.443,0.0,13300.0
905,0.0,0.0,6844.159,0.0,0.0,9524.74,0.0,550.98346,0.0,0.0,0.0,8500.0
906,0.0,0.0,0.0,0.0,0.0,2368.2158,0.0,0.0,0.0,0.0,0.0,4100.0
907,0.0,0.0,0.0,0.0,0.0,0.0,0.0,0.0,0.0,0.0,0.0,300.0
908,0.0,0.0,0.0,0.0,0.0,0.0,0.0,0.0,0.0,0.0,0.0,0.0
909,0.0,0.0,0.0,0.0,0.0,0.0,0.0,0.0,0.0,0.0,0.0,0.0
910,0.0,0.0,0.0,0.0,0.0,0.0,0.0,0.0,0.0,0.0,0.0,0.0
911,0.0,0.0,0.0,0.0,0.0,0.0,0.0,0.0,0.0,0.0,0.0,0.0
912,0.0,0.0,3524.2988,0.0,0.0,0.0,0.0,0.0,0.0,0.0,0.0,0.0
913,0.0,0.0,3207.5415,0.0,0.0,0.0,0.0,0.0,0.0,0.0,0.0,0.0
914,0.0,0.0,0.0,0.0,0.0,0.0,0.0,0.0,0.0,0.0,0.0,0.0
915,0.0,0.0,0.0,0.0,0.0,0.0,0.0,0.0,0.0,0.0,0.0,0.0
916,0.0,0.0,0.0,0.0,0.0,0.0,0.0,0.0,0.0,0.0,0.0,0.0
917,0.0,0.0,0.0,0.0,0.0,0.0,0.0,0.0,0.0,0.0,0.0,0.0
918,0.0,0.0,0.0,0.0,0.0,0.0,0.0,0.0,0.0,0.0,0.0,2100.0
919,0.0,0.0,3383.9106,0.0,0.0,0.0,0.0,1206.0012,5891.101,6304.9824,0.0,12700.0
920,0.0,0.0,23568.887,0.0,3471.6516,2862.8523,0.0,9582.303,16725.672,12611.921,0.0,8700.0
921,0.0,0.0,44322.24,0.0,10792.541,10693.403,0.0,16635.166,25666.004,17514.188,0.0,19600.0
922,0.0,0.0,61916.617,0.0,16609.709,17146.182,0.0,21559.965,31785.121,20509.3,0.0,17900.0
923,0.0,0.0,74321.016,0.0,20281.53,21566.943,0.0,24005.906,34678.664,21422.69,0.0,17800.0
924,0.0,0.0,80680.664,0.0,21574.13,23646.748,0.0,23985.184,34344.348,20353.508,0.0,33400.0
925,0.0,0.0,80841.35,0.0,20567.023,23387.54,0.0,21762.766,31074.754,17602.93,0.0,34900.0
926,0.0,0.0,75103.67,0.0,17550.926,21042.756,0.0,17759.1,25366.205,13605.911,0.0,28400.0
927,0.0,0.0,63985.082,0.0,12953.313,17046.473,0.0,12479.953,17850.162,8876.214,0.0,13700.0
928,0.0,0.0,47999.95,0.0,7295.1274,11943.819,0.0,6477.8755,9258.831,3964.1182,0.0,7700.000000000001
929,0.0,0.0,27533.307,0.0,1167.7599,6331.2896,0.0,338.2335,422.55533,0.0,0.0,10900.000000000002
930,0.0,0.0,2844.993,0.0,0.0,807.5861,0.0,0.0,0.0,0.0,0.0,3000.0
931,0.0,0.0,0.0,0.0,0.0,0.0,0.0,0.0,0.0,0.0,0.0,100.0
932,0.0,0.0,0.0,0.0,0.0,0.0,0.0,0.0,0.0,0.0,0.0,0.0
933,0.0,0.0,0.0,0.0,0.0,0.0,0.0,0.0,0.0,0.0,0.0,0.0
934,0.0,0.0,0.0,0.0,0.0,0.0,0.0,0.0,0.0,0.0,0.0,0.0
935,0.0,0.0,0.0,0.0,0.0,0.0,0.0,0.0,0.0,0.0,0.0,0.0
936,0.0,0.0,2399.6318,0.0,0.0,0.0,0.0,0.0,0.0,0.0,0.0,0.0
937,0.0,0.0,0.0,0.0,0.0,0.0,0.0,0.0,0.0,0.0,0.0,0.0
938,0.0,0.0,0.0,0.0,0.0,0.0,0.0,0.0,0.0,0.0,0.0,0.0
939,0.0,0.0,0.0,0.0,0.0,0.0,0.0,0.0,0.0,0.0,0.0,0.0
940,0.0,0.0,0.0,0.0,0.0,0.0,0.0,0.0,0.0,0.0,0.0,0.0
941,0.0,0.0,0.0,0.0,0.0,0.0,0.0,0.0,0.0,0.0,0.0,0.0
942,0.0,0.0,0.0,0.0,0.0,0.0,0.0,0.0,0.0,0.0,0.0,3200.0
943,0.0,0.0,12878.522,0.0,0.0,0.0,0.0,0.0,7431.2734,3081.3171,0.0,10600.0
944,0.0,0.0,47536.637,0.0,2662.3958,2006.2806,0.0,5290.1475,20169.828,7669.9087,0.0,19700.0
945,0.0,0.0,77171.625,0.0,10531.58,9656.97,0.0,11444.64,30918.426,11258.086,0.0,21300.0
946,0.0,0.0,99930.37,0.0,16939.684,15797.147,0.0,16041.827,38444.344,13459.975,0.0,34300.0
947,0.0,0.0,115447.3,0.0,21146.666,19817.338,0.0,18625.883,42175.84,14113.531,0.0,35200.0
948,0.0,0.0,122728.83,0.0,22855.59,21441.566,0.0,19067.814,42053.266,13263.004,0.0,36900.0
949,0.0,0.0,121297.77,0.0,22114.697,20699.822,0.0,17495.318,38388.113,11117.114,0.0,38900.0
950,0.0,0.0,111653.68,0.0,19204.291,17873.896,0.0,14210.7,31736.291,8000.963,0.0,40000.0
951,0.0,0.0,94723.79,0.0,14552.973,13428.868,0.0,9622.929,22795.543,4311.286,0.0,15700.0
952,0.0,0.0,71314.734,0.0,8689.783,7942.454,0.0,4204.864,12354.046,477.40097,0.0,8400.0
953,0.0,0.0,41840.934,0.0,2221.0444,2041.6675,0.0,0.0,1302.2405,0.0,0.0,6900.0
954,0.0,0.0,6246.345,0.0,0.0,0.0,0.0,0.0,0.0,0.0,0.0,2800.0000000000005
955,0.0,0.0,0.0,0.0,0.0,0.0,0.0,0.0,0.0,0.0,0.0,100.0
956,0.0,0.0,0.0,0.0,0.0,0.0,0.0,0.0,0.0,0.0,0.0,0.0
957,0.0,0.0,0.0,0.0,0.0,0.0,0.0,0.0,0.0,0.0,0.0,0.0
958,0.0,0.0,0.0,0.0,0.0,0.0,0.0,0.0,0.0,0.0,0.0,0.0
959,0.0,0.0,0.0,0.0,0.0,0.0,0.0,0.0,0.0,0.0,0.0,0.0
960,0.0,0.0,3177.8826,0.0,0.0,0.0,0.0,0.0,0.0,0.0,0.0,0.0
961,0.0,0.0,3690.6228,0.0,0.0,0.0,0.0,0.0,0.0,0.0,0.0,0.0
962,0.0,0.0,0.0,0.0,0.0,0.0,0.0,0.0,0.0,0.0,0.0,0.0
963,0.0,0.0,0.0,0.0,0.0,0.0,0.0,0.0,0.0,0.0,0.0,0.0
964,0.0,0.0,0.0,0.0,0.0,0.0,0.0,0.0,0.0,0.0,0.0,0.0
965,0.0,0.0,0.0,0.0,0.0,0.0,0.0,0.0,0.0,0.0,0.0,0.0
966,0.0,0.0,0.0,0.0,0.0,0.0,0.0,0.0,0.0,0.0,0.0,1500.0
967,0.0,0.0,3368.2048,0.0,0.0,0.0,0.0,0.0,2194.9885,0.0,0.0,7600.000000000001
968,0.0,0.0,25775.693,0.0,0.0,0.0,0.0,0.0,11846.21,3620.9585,0.0,13000.0
969,0.0,0.0,49787.457,0.0,7837.0034,0.0,0.0,0.0,20101.648,6946.071,0.0,12000.0
970,0.0,0.0,70702.51,0.0,15150.197,4931.507,0.0,0.0,26005.982,9166.553,0.0,6000.0
971,0.0,0.0,85947.836,0.0,20167.123,9114.732,0.0,0.0,29075.104,10061.739,0.0,11000.000000000002
972,0.0,0.0,94413.07,0.0,22497.553,11429.219,0.0,0.0,29215.309,9610.367,0.0,13900.0
973,0.0,0.0,95755.234,0.0,22148.383,11814.648,0.0,0.0,26630.035,7958.6914,0.0,15300.000000000002
974,0.0,0.0,90193.27,0.0,19391.002,10431.016,0.0,0.0,21733.797,5376.2183,0.0,10200.0
975,0.0,0.0,78293.94,0.0,14661.376,7608.5503,0.0,0.0,15083.555,2211.0986,0.0,21100.0
976,0.0,0.0,60669.875,0.0,8503.844,3790.7053,0.0,0.0,7337.544,0.0,0.0,10200.0
977,0.0,0.0,37741.355,0.0,1547.0183,0.0,0.0,0.0,0.0,0.0,0.0,6100.0
978,0.0,0.0,9638.422,0.0,0.0,0.0,0.0,0.0,0.0,0.0,0.0,1300.0
979,0.0,0.0,0.0,0.0,0.0,0.0,0.0,0.0,0.0,0.0,0.0,0.0
980,0.0,0.0,0.0,0.0,0.0,0.0,0.0,0.0,0.0,0.0,0.0,0.0
981,0.0,0.0,0.0,0.0,0.0,0.0,0.0,0.0,0.0,0.0,0.0,0.0
982,0.0,0.0,0.0,0.0,0.0,0.0,0.0,0.0,0.0,0.0,0.0,0.0
983,0.0,0.0,0.0,0.0,0.0,0.0,0.0,0.0,0.0,0.0,0.0,0.0
984,0.0,0.0,0.0,0.0,0.0,0.0,0.0,0.0,0.0,0.0,0.0,0.0
985,0.0,0.0,0.0,0.0,0.0,0.0,0.0,0.0,0.0,0.0,0.0,0.0
986,0.0,0.0,0.0,0.0,0.0,0.0,0.0,0.0,0.0,0.0,0.0,0.0
987,0.0,0.0,0.0,0.0,0.0,0.0,0.0,0.0,0.0,0.0,0.0,0.0
988,0.0,0.0,0.0,0.0,0.0,0.0,0.0,0.0,0.0,0.0,0.0,0.0
989,0.0,0.0,0.0,0.0,0.0,0.0,0.0,0.0,0.0,0.0,0.0,0.0
990,0.0,0.0,0.0,0.0,0.0,0.0,0.0,0.0,0.0,0.0,0.0,0.0
991,0.0,0.0,8417.944,0.0,0.0,0.0,0.0,0.0,2559.5715,1007.1382,0.0,800.0
992,0.0,0.0,48743.95,0.0,1179.8408,0.0,0.0,0.0,13548.79,5802.4697,0.0,900.0
993,0.0,0.0,79348.84,0.0,8168.7324,3839.4011,0.0,2446.5413,22724.568,9368.664,0.0,1000.0
994,0.0,0.0,104847.28,0.0,13987.84,11212.145,0.0,4019.8342,29075.318,11274.099,0.0,2000.0
995,0.0,0.0,124898.62,0.0,17908.443,16327.813,0.0,4573.3887,32134.607,11393.662,0.0,2400.0
996,0.0,0.0,136128.05,0.0,19581.271,18871.344,0.0,4104.9624,31864.531,9849.446,0.0,4400.0
997,0.0,0.0,136824.39,0.0,18978.781,18843.865,0.0,2719.849,28546.252,6938.491,0.0,3200.0
998,0.0,0.0,127251.46,0.0,16307.821,16514.572,0.0,601.81836,22683.1,3069.853,0.0,2000.0
999,0.0,0.0,108230.35,0.0,11936.409,12358.037,0.0,0.0,14923.547,0.0,0.0,3300.0
1000,0.0,0.0,80600.93,0.0,6347.5396,6984.2974,0.0,0.0,6018.3115,0.0,0.0,3000.0
1001,0.0,0.0,45235.5,0.0,114.53646,1069.9242,0.0,0.0,0.0,0.0,0.0,5700.0
1002,0.0,0.0,2713.077,0.0,0.0,0.0,0.0,0.0,0.0,0.0,0.0,1000.0
1003,0.0,0.0,0.0,0.0,0.0,0.0,0.0,0.0,0.0,0.0,0.0,0.0
1004,0.0,0.0,0.0,0.0,0.0,0.0,0.0,0.0,0.0,0.0,0.0,0.0
1005,0.0,0.0,0.0,0.0,0.0,0.0,0.0,0.0,0.0,0.0,0.0,0.0
1006,0.0,0.0,0.0,0.0,0.0,0.0,0.0,0.0,0.0,0.0,0.0,0.0
1007,0.0,0.0,0.0,0.0,0.0,0.0,0.0,0.0,0.0,0.0,0.0,0.0
1008,0.0,0.0,0.0,0.0,0.0,0.0,0.0,0.0,0.0,0.0,0.0,0.0
1009,0.0,0.0,0.0,0.0,0.0,0.0,0.0,0.0,0.0,0.0,0.0,0.0
1010,0.0,0.0,0.0,0.0,0.0,0.0,0.0,0.0,0.0,0.0,0.0,0.0
1011,0.0,0.0,0.0,0.0,0.0,0.0,0.0,0.0,0.0,0.0,0.0,0.0
1012,0.0,0.0,0.0,0.0,0.0,0.0,0.0,0.0,0.0,0.0,0.0,0.0
1013,0.0,0.0,0.0,0.0,0.0,0.0,0.0,0.0,0.0,0.0,0.0,0.0
1014,0.0,0.0,0.0,0.0,0.0,0.0,0.0,0.0,0.0,0.0,0.0,500.0
1015,0.0,0.0,18854.965,0.0,0.0,0.0,0.0,3328.7434,3992.168,11815.94,0.0,2200.0
1016,0.0,0.0,56624.832,0.0,3042.544,15564.066,0.0,14190.971,19417.125,24884.467,0.0,1900.0000000000002
1017,0.0,0.0,86401.51,0.0,11469.086,32695.639,0.0,23285.262,32169.11,35117.812,0.0,3400.0
1018,0.0,0.0,110695.836,0.0,18058.621,47330.637,0.0,29629.564,41130.88,41716.78,0.0,4600.0
1019,0.0,0.0,128741.31,0.0,22148.549,58076.684,0.0,32826.53,45855.004,44461.938,0.0,5200.0
1020,0.0,0.0,137990.61,0.0,23556.178,64167.06,0.0,32904.46,46346.82,43574.58,0.0,3699.9999999999995
1021,0.0,0.0,137611.02,0.0,22438.4,65422.45,0.0,30181.15,42958.5,39576.094,0.0,3900.0000000000005
1022,0.0,0.0,128220.28,0.0,19162.506,62182.996,0.0,25153.902,36304.13,33161.934,0.0,400.0
1023,0.0,0.0,110680.56,0.0,14221.723,55157.375,0.0,18422.547,27177.129,25122.111,0.0,100.0
1024,0.0,0.0,85632.63,0.0,8191.077,45252.895,0.0,10657.516,16504.783,16315.855,0.0,100.0
1025,0.0,0.0,53439.945,0.0,1706.5414,33477.996,0.0,2608.1978,5355.4067,7676.392,0.0,0.0
1026,0.0,0.0,14078.139,0.0,0.0,20936.803,0.0,0.0,0.0,199.66165,0.0,0.0
1027,0.0,0.0,0.0,0.0,0.0,8864.614,0.0,0.0,0.0,0.0,0.0,0.0
1028,0.0,0.0,0.0,0.0,0.0,0.0,0.0,0.0,0.0,0.0,0.0,0.0
1029,0.0,0.0,0.0,0.0,0.0,0.0,0.0,0.0,0.0,0.0,0.0,0.0
1030,0.0,0.0,0.0,0.0,0.0,0.0,0.0,0.0,0.0,0.0,0.0,0.0
1031,0.0,0.0,0.0,0.0,0.0,0.0,0.0,0.0,0.0,3284.1504,0.0,0.0
1032,0.0,0.0,1413.0336,0.0,0.0,0.0,0.0,0.0,0.0,0.0,0.0,0.0
1033,0.0,0.0,1106.9723,0.0,0.0,0.0,0.0,0.0,0.0,0.0,0.0,0.0
1034,0.0,0.0,0.0,0.0,0.0,0.0,0.0,0.0,0.0,0.0,0.0,0.0
1035,0.0,0.0,0.0,0.0,0.0,0.0,0.0,0.0,0.0,0.0,0.0,0.0
1036,0.0,0.0,0.0,0.0,0.0,0.0,0.0,0.0,0.0,0.0,0.0,0.0
1037,0.0,0.0,0.0,0.0,0.0,0.0,0.0,0.0,0.0,0.0,0.0,0.0
1038,0.0,0.0,0.0,0.0,0.0,0.0,0.0,0.0,0.0,0.0,0.0,0.0
1039,0.0,0.0,2965.5247,0.0,0.0,0.0,0.0,0.0,20836.346,0.0,0.0,0.0
1040,0.0,0.0,21736.36,0.0,0.0,0.0,0.0,12026.823,53308.465,6343.4316,0.0,900.0
1041,0.0,0.0,40023.35,0.0,12762.182,10020.706,0.0,24871.88,78050.36,15464.189,0.0,6600.0
1042,0.0,0.0,54877.97,0.0,23116.885,20415.594,0.0,34250.48,94368.16,21103.938,0.0,100.0
1043,0.0,0.0,64787.387,0.0,29715.201,28123.162,0.0,39425.598,101792.76,22989.816,0.0,800.0
1044,0.0,0.0,69221.11,0.0,32453.717,32535.098,0.0,40345.0,100127.31,21171.168,0.0,1800.0
1045,0.0,0.0,68272.94,0.0,31702.314,33484.07,0.0,37397.047,89793.89,15981.22,0.0,10500.0
1046,0.0,0.0,62392.914,0.0,28054.31,31182.133,0.0,31199.094,71998.516,8014.2207,0.0,4200.0
1047,0.0,0.0,52159.96,0.0,22199.682,26139.797,0.0,22467.26,48413.305,0.0,0.0,7000.0
1048,0.0,0.0,38140.668,0.0,14877.93,19074.26,0.0,11993.53,20945.588,0.0,0.0,2400.0
1049,0.0,0.0,20866.83,0.0,6869.841,10826.606,0.0,726.5113,0.0,0.0,0.0,2700.0
1050,0.0,0.0,953.4112,0.0,0.0,2299.3887,0.0,0.0,0.0,0.0,0.0,1900.0000000000002
1051,0.0,0.0,0.0,0.0,0.0,0.0,0.0,0.0,0.0,0.0,0.0,0.0
1052,0.0,0.0,0.0,0.0,0.0,0.0,0.0,0.0,0.0,0.0,0.0,0.0
1053,0.0,0.0,0.0,0.0,0.0,0.0,0.0,0.0,0.0,0.0,0.0,0.0
1054,0.0,0.0,0.0,0.0,0.0,0.0,0.0,0.0,0.0,0.0,0.0,0.0
1055,0.0,0.0,0.0,0.0,0.0,0.0,0.0,0.0,19439.729,0.0,0.0,0.0
